"1","HONDA","Civic(rear eye)","EG","92-95","A-01","V","","","","V","V","","V","V","V","","","","V","V"
"2","HONDA","Civic(rear fork)","EG6/EH","92-95","A-02","V","","","","V","V","","V","V","V","","","","V","V"
"3","HONDA","Civic(rear fork)","EK/EM/DC2","96-00","A-03","V","","","","V","V","","V","V","V","","","","V","V"
"4","HONDA","Accord","CB7/ CD5/7","90-97","A-04","V","","","","V","V","","V","V","V","","","","V",""
"5","HONDA","Accord","CG","98-02","A-05","V","","","","V","V","","V","V","V","","","","V",""
"6","HONDA","Civic","EM2 / ES1","01-05","A-06","","","V","","V","V","V","","V","V","","V","","","V"
"7","HONDA","Integra/RSX","DC-5","01-","A-07","","","V","","V","V","V","","V","V","","V","","","V"
"8","HONDA","Beat","PP1","91-96","A-08","","","","","V","","","","","","","","","",""
"9","HONDA","S2000","AP1/AP2","00-","A-09","V","","","","V","V","","V","V","V","","","","","V"
"10","HONDA","CRV","RD1/RD2","98-01","A-10","V","","","","V","V","","","","","","","","",""
"11","HONDA","CRV","RD4/RD5","02-05","A-11","","","","","V","V","V","","","","","","","",""
"12","HONDA","NSX","NA1/NA2","91-","A-12","","","","","V","","","","","V","","","","",""
"13","HONDA","FIT / JAZZ","GD1","02-06","A-13","","","","V","","","","","","","V","","","",""
"14","HONDA","LOGO","GA3/GA5","96-01","A-14","","","","","V","","","","","","","","","",""
"15","HONDA","ACCORD","CM","03-07","A-15","V","","","","V","V","","V","V","V","","","","V",""
"16","HONDA","Civic","EP3","03-05","A-16","","","V","","V","V","","","V","V","","V","","","V"
"17","HONDA","CIVIC/CR-X(rear eye)","EF9/ED","88-91","A-17","V","","","","V","V","","V","V","V","","","","","V"
"18","HONDA","Civic","FG/FA","06-","A-18","","","","","","V","V","","V","","","V","","V",""
"19","HONDA","Prelude","BB1/BB2","92-96","A-19","V","","","","V","V","","V","V","V","","","","",""
"20","HONDA","ACURA TL","UA6","04+","A-20","","","","","V","V","","","V","V","","","","",""
"21","HONDA","CIVIC TYPE-R","FD2","06+","A-21","","","","","","V","V","","V","","","V","","","V"
"22","HONDA","Prelude","BA","88-91","A-22","V","","","","","","","","","","","","","",""
"23","HONDA","CRV","","06+","A-23","","","","","","","V","","","","","","","",""
"24","HONDA","FIT- USA","GD3","07+","A-24","","","","V","","","","","","","V","","","",""
"25","HONDA","STREAM","RN6/7/8/9","06+","A-25","","","V","","","","","","","","V","","","",""
"26","HONDA","ACCORD","","08+","A-26","V","","","","V","V","","V","V","V","","","","",""
"27","HONDA","ACCORD","CF","96-02","A-27","V","","","","V","V","","V","V","V","","","","",""
"28","HONDA","FIT/JAZZ","GE","07+","A-28","","","","V","","","","","","","V","","","V",""
"29","HONDA","ACCORD","CL7/CL9","03+","A-29","V","","","","V","V","","V","V","V","","","","",""
"30","HONDA","ODYSSEY","RB1","03~08","A-30","","V","","","","","","","","","","","","",""
"31","HONDA","STREAM","RN3","02~06","A-31","","","","","V","V","V","","","","","","","",""
"32","HONDA","INSIGHT","ZE2","09+","A-32","","","","V","","","","","","","V","","","",""
"33","HONDA","CIVIC/CR-X(rear fork)","EF9/ED","88-91","A-33","V","","","","V","V","","V","V","V","","","","","V"
"34","HONDA","Integra(rear eye)","DC2","92-00","A-34","V","","","","V","V","","V","V","V","","","","","V"
"35","HONDA","Integra(rear fork)","DC2","92-00","A-35","V","","","","V","V","","V","V","V","","","","","V"
"36","HONDA","CITY","","09+","A-36","","","","V","","","","","","","","","","",""
"37","HONDA","STEPWGN","RF3","01-05","A-37","","","","","","","V","","","","","","","",""
"38","HONDA","ODYSSEY","RA6","99-03","A-38","V","","","","","","","","","","","","","",""
"39","HONDA","ELYSION","RR1","04+","A-39","","V","","","","","","","","","","","","",""
"40","HONDA","CIVIC TYPE-R","FN2","06+","A-40","","","","","","V","","","V","","","","","",""
"41","HONDA","CIVIC","FK1/FK2","06+","A-41","","","","","","V","","","V","","","","","",""
"42","HONDA","ZF1","RR1","2010+","A-42","","","","V","","","","","","","V","","","",""
"43","HONDA","STEP WAGON","RK1/RK5","09+","A-43","","","","","","","V","","","","","","","",""
"44","HONDA","LOGO","GA3/GA5","96-01","A-46","","","","","","V","","","","","","","","",""
"45","HONDA","STEPWGN","RF1/RF2","96-00","A-47","","","","","","","V","","","","","","","",""
"46","HONDA","BRIO","GE","11+","A-48","","","","V","","","","","","","","","","",""
"47","HONDA","STEP WAGON","RG1","05-09","A-49","","","","","","","V","","","","","","","",""
"48","HONDA","CIVIC","EB","73-79","A-50","","","","","","","","","V","","","","","",""
"49","HONDA","ACCORD WAGON","CM2","02-08","A-51","V","V","","","","","","V","V","","","","","",""
"50","HONDA","FR-V/EDIX","BE3","04-09","A-52","","","","","V","V","V","","","","","","","",""
"51","HONDA","FREED","GB3/GB4","08+","A-54","","","","V","","","","","","","","","","",""
"52","HONDA","MOBILIO SPIKE","GB1/GK1","01-08","A-55","","","","V","","","","","","","","","","",""
"53","HONDA","RDX AWD","","07+","A-56","","","","","","","V","V","","","","","","",""
"54","HONDA","CIVIC","","80-83","A-57","","","","","","","","","","","V","","","",""
"55","HONDA","CIVIC","FB","12+","A-58","","","","","","V","V","","V","","","","","","V"
"56","HONDA","ELEMENT","YH1/YH2","03-06","A-59","","","","","V","V","V","","","","","","","",""
"57","HONDA","CITY","3A2/3A3","96-02","A-61","","","","","","","V","","","","","","","",""
"58","HONDA","LEGEND","KA9","96-03","A-62","","","","","V","","","","","V","","","","",""
"59","HONDA","FREED HV","GP3","12+","A-63","","","","V","","","","","","","","","","",""
"60","HONDA","Lagreat RL-1","","96-04","A-64","","","","","","","V","","","","","","","",""
"61","HONDA","FIT/SHUTTLE","GG1/GP2","11+","A-65","","","","V","","","","","","","","","","",""
"62","HONDA","N-BOX","JF1","11+","A-66","","","","V","","","","","","","","","","",""
"63","HONDA","ODYSSEY USDM","RL3/RL4","05+","A-68","","","","","","","V","V","","","","","","",""
"64","HONDA","ODYSSEY","RB3/RB4","09+","A-69","V","","","","","","","","","","","","","",""
"65","HONDA","N-ONE","JG1","12+","A-70","","","","V","","","","","","","","","","",""
"66","HONDA","AIR WAVE","GJ1","05-10","A-71","","","","V","","","","","","","","","","",""
"67","HONDA","CIVIC/CRX","AG/AH/AJ/AK/AT/AU","84-87","A-72","","","","","","","V","V","","","","","","",""
"68","HONDA","CRV","RM1-RM4","12+","A-73","","","","","","","V","","","","","","","",""
"69","HONDA","ACURA TL","UA8/UA9","09+","A-75","V","","","","V","V","","V","V","V","","","","",""
"70","HONDA","STEPWGN AWD","RK2","09+","A-77","","","","","","","V","","","","","","","",""
"71","HONDA","ACCORD","","13+","A-78","","","","","V","V","V","","V","V","","","","",""
"72","HONDA","FREED AWD","GB4","08+","A-79","","","","V","","","","","","","","","","",""
"73","HONDA","ACURA MDX","YD3","14+","A-81","","","","","","V","V","V","V","","","","","",""
"74","HONDA","ODYSSEY AWD","RA7","99-03","A-83","V","","","","","","","","","","","","","",""
"75","HONDA","N-ONE 4WD","JG2","13+","A-84","","","","V","","","","","","","","","","",""
"76","HONDA","FIT","GK3","13+","A-85","","","","V","","","","","","","","","","",""
"77","HONDA","N-BOX 4WD","JF1-2","11+","A-86","","","","V","","","","","","","","","","",""
"78","HONDA","ODYSSEY AWD","RC2","13+","A-87","","","","","","","V","","","","","","","",""
"79","HONDA","CIVIC CVCC","SB1/SG/SE/VB","78-79","A-88","","","","","","","","","V","","","","","",""
"80","HONDA","ODYSSEY (USDM)","RL-1","98-04","A-89","","","","","","","V","","","","","","","",""
"81","HONDA","ODYSSEY 2WD","RC1","13+","A-90","","","","","","","V","","","","","","","",""
"82","HONDA","JADE","","14+","A-91","","","","","","V","V","","","","","","","",""
"83","HONDA","ACURA RL","KA9","96-04","A-93","","","","","V","","","","","V","","","","",""
"84","MITSUBISHI","Galant/95eclipse","D31A/D33A","98-04.","B-01","V","","","","V","V","","V","V","V","","","","V","V"
"85","MITSUBISHI","Lancer / Virage","CJ4A","96-00","B-02","V","","","","V","V","","","V","V","","V","","V","V"
"86","MITSUBISHI","Lancer / Virage","CS6A/CS7A","01~06","B-03","V","","","","","V","","","V","","","V","","V",""
"87","MITSUBISHI","3000 GT","Z15A","00-","B-04","","","","","V","V","V","","V","V","","V","","",""
"88","MITSUBISHI","SAVRIN","","98+","B-05","","","","V","","","","","","","","","","",""
"89","MITSUBISHI","Waja/FTO","DE3A","94+","B-07","V","","","","V","V","","","V","V","","V","","",""
"90","MITSUBISHI","Evo VII/ VIII/IX","CT9A","01~06","B-08","V","","","","V","V","","","V","V","","V","","","V"
"91","MITSUBISHI","GRUNDER","","03-","B-09","","","","","","V","V","","V","","","V","","",""
"92","MITSUBISHI","Eclipse","D53A/D52","00-05","B-10","","","","","V","V","V","","V","V","","V","","",""
"93","MITSUBISHI","EVO IV/V/ VI","CP9A/CN9A","96~01","B-11","V","","","","V","V","","","V","V","","V","","","V"
"94","MITSUBISHI","Eclipse AWD","D27A","89-94","B-12","","","","","V","V","","","V","V","","V","","",""
"95","MITSUBISHI","3000 GT AWD","Z16A","91-99","B-13","","","","","V","V","V","","V","V","","V","","",""
"96","MITSUBISHI","3000 GT FWD","Z11A","91-99","B-14","","","","","V","V","V","","V","V","","V","","",""
"97","MITSUBISHI","Eclipse","DK4A","06+","B-15","","","","","","V","V","","V","","","V","","",""
"98","MITSUBISHI","Eclipse FWD","D22A","89-94","B-16","","","","","V","V","","","V","V","","V","","",""
"99","MITSUBISHI","EVO I/II/III","CE9A/CD9A","94-95","B-17","","","","","V","V","V","","V","V","","V","","","V"
"100","MITSUBISHI","COLT PLUS","LTGF","07+","B-18","","","","","","V","V","","V","","","","","V",""
"101","MITSUBISHI","LANCER","CY4A","07+","B-19","","","","","","V","V","","V","","","V","","V","V"
"102","MITSUBISHI","EVO X","CZ4A","07+","B-20","","","","","V","V","V","","V","V","","V","","","V"
"103","MITSUBISHI","Galant VR4","E39A","86~92","B-21","","","","","V","V","","","V","V","","V","","",""
"104","MITSUBISHI","TRITON AWD","","05+","B-22","","","","V","","","","","","","","","","",""
"105","MITSUBISHI","GRANDIS","NA4W","03+","B-24","","","","V","","","","","","","","","","",""
"106","MITSUBISHI","OUTLANDER","CU4W/CU2W","01-05","B-25","V","","","","","","","","V","","","","","",""
"107","MITSUBISHI","GTO","Z16A","90-99","B-26","","","","V","V","V","","V","V","","","","","",""
"108","MITSUBISHI","OUTLANDER","CW6W","05+","B-27","","","","","V","V","","V","","","","","","",""
"109","MITSUBISHI","DELICA D5","CV5W","07+","B-30","","","","","","V","","","","","","","","",""
"110","MITSUBISHI","MIRAGE","A05A","12+","B-32","","","","","","","V","","","","","","","",""
"111","MITSUBISHI","DIAMANTE","F34A","95-05","B-33","V","","","","","","","","","","","","","",""
"112","MITSUBISHI","eK Custom 2WD/4WD","B21W/B11W","13+","B-34","","","","","","","V","","","","","","","",""
"113","TOYOTA","Tercel/Starlet","EP82/EP91","90-99","C-01","V","","","","","V","","","V","","","V","","V",""
"114","TOYOTA","Corolla/Altis","ZZE130/NZE121","01~07","C-02","","","","","V","V","V","","V","V","","V","","V",""
"115","TOYOTA","MATRIX","ZZE132/133","03+","C-02","V","","","","V","V","","","V","V","","V","","V",""
"116","TOYOTA","Corolla","AE101/AE111","93-97","C-03","V","","","","","V","","","V","","","","","V",""
"117","TOYOTA","Exsior","ST191/AT190","94-97","C-04","V","","","","V","V","","","V","V","","","V","V",""
"118","TOYOTA","Premio","ST210","98-00","C-04","V","","","","V","V","","","V","V","","","V","V",""
"119","TOYOTA","Camry","SXV20/MCV20","94-","C-06","","","","","V","V","V","","","","","","","",""
"120","TOYOTA","CHASER","JZX100","96~01","C-07","V","","","","V","V","","V","V","V","","","","","V"
"121","TOYOTA","VIOS/ECHO","NCP10/12","03-","C-08","","","","V","","V","V","","V","","","V","","V",""
"122","TOYOTA","Camry","ACV30/MCV30","03-","C-10","","","V","V","V","V","","","V","V","","","V","V",""
"123","TOYOTA","WISH(WISH-Z)","ZNE10G","04-","C-11","","","","","","V","V","","V","","","V","","",""
"124","TOYOTA","MR2","SW20/21","90-99","C-12","","","","","V","V","","","V","V","","","V","",""
"125","TOYOTA","SUPRA","MA70","86-92","C-13","V","","","","V","V","","V","V","V","","","","",""
"126","TOYOTA","Corolla","AE86","83-87","C-14","","","","","","V","","","V","","","","","","V"
"127","TOYOTA","SUPRA","JZA80/JZZ30","93-98","C-15","V","","","","V","V","","V","V","V","","","","","V"
"128","TOYOTA","YARIS","NCP91","06+","C-16","","","","V","","","","","","","V","","","V",""
"129","TOYOTA","CAMRY","ACV40","06+","C-17","","","V","V","V","V","","","V","V","","","V","V",""
"130","TOYOTA","MR2 SPYDER","ZZW30","00+","C-18","","","","","V","V","V","","V","V","","","V","",""
"131","TOYOTA","CELICA","ZZT231/230","00+","C-19","","","","","V","V","V","","V","V","","V","","","V"
"132","TOYOTA","PREVIA/ALPHARD","ANH10W","02~08","C-20","","","","","","","V","","","","","","","",""
"133","TOYOTA","CELICA-AWD","ST185","90-93","C-21","","","","","V","V","V","","V","V","","","V","",""
"134","TOYOTA","CELICA","AT200/ST202","94-99","C-22","","","","","V","V","V","","V","V","","","V","",""
"135","TOYOTA","CRESSIDA/CHASER","MX83/JZX81","89-92","C-23","","","","","V","V","","","V","V","","","","",""
"136","TOYOTA","Corolla/Altis","ZRE142/AZE141","08+","C-24","","","","","V","V","V","","V","V","","V","","V",""
"137","TOYOTA","MR2","AW11","86~89","C-25","","","","","V","V","","","V","V","","","V","",""
"138","TOYOTA","CELICA (SUPERSTRUT)","ST205","94-99","C-26","","","","","V","V","","","V","V","","","","","V"
"139","TOYOTA","FORTUNER","","","C-27","","V","","","","","","","","","","","","",""
"140","TOYOTA","VIGO AWD","","","C-28","","V","","","","","","","","","","","","",""
"141","TOYOTA","PREVIA/ALPHARD","ANH20W","06+","C-29","","","","","","","V","","","","","","","",""
"142","TOYOTA","CALDINA","","02~07","C-30","","","","","V","V","V","","V","","","","","",""
"143","TOYOTA","VIGO (2WD)","KUN16R","","C-31","","","","V","","","","","","","","","","",""
"144","TOYOTA","CELICA(SUPERSTRUT)","ST202","94-99","C-33","","","","","V","V","","","V","V","","","","",""
"145","TOYOTA","PRIUS","NHW20","03-08","C-34","","","","","","","V","","","","","","","",""
"146","TOYOTA","CELICA-FWD","ST183","90-93","C-35","","","","","V","V","V","","V","V","","","V","",""
"147","TOYOTA","COROLLA","ZRE152","08+","C-36","","","","","","V","V","V","V","","","","","",""
"148","TOYOTA","AE82","E80","83-87","C-37","","","V","","","V","","","","","","","","",""
"149","TOYOTA","COROLLA SUPERSTRUT","AE111","93-97","C-38","","","","","","","","","V","","","","","",""
"150","TOYOTA","bB","NCP30","00-05","C-39","","","","","","","V","","V","","","","","",""
"151","TOYOTA","bB","QNC20","05+","C-40","","","","","","","V","","","","","","","",""
"152","TOYOTA","CRESSIDA","MX73","85-88","C-41","","","","","","V","","","V","","","","","",""
"153","TOYOTA","PRIUS","ZVW30","09+","C-42","","","","","","","V","","","","","","","",""
"154","TOYOTA","WISH","ZGE20W","09+","C-43","","","","","","","V","","","","","","","",""
"155","TOYOTA","NOAH/VOXY","AZR60G","01+","C-44","","","","","","","V","","","","","","","",""
"156","TOYOTA","CALDINA","ST215","97~02","C-45","V","","","","V","V","","","V","V","","","V","",""
"157","TOYOTA","CROWN","JZS177","00-04","C-46","V","","","","V","V","","V","V","V","","","","",""
"158","TOYOTA","WISH-Z","","04-","C-48","","","","","","V","V","","","","","","","",""
"159","TOYOTA","WISH Z","ZGE22W","09+","C-50","","","","","","V","V","","","","","","","",""
"160","TOYOTA","WISH","ZGE20G","09+","C-51","","","","","","","V","","","","","","","",""
"161","TOYOTA","iQ","KGJ10/NGJ10","08+","C-52","","","","","","V","","","","","","","","",""
"162","TOYOTA","NOAH/VOXY","ZRR70G","07+","C-53","","","","","","","V","","","","","","","",""
"163","TOYOTA","RAV4","GSA33W/ACA38W","06+","C-54","","","","","","","V","","","","","","","",""
"164","TOYOTA","HARRIER","ACU30W","03-06","C-55","","","","","","","V","","","","","","","",""
"165","TOYOTA","BLADE","GRE156H","07+","C-56","","","","","","","V","","","","","","","",""
"166","TOYOTA","CELICA (SUPERSTRUT)","ZZT231","00+","C-58","","","","","V","V","V","","V","V","","","","",""
"167","TOYOTA","CORONA","T190","92","C-59","V","","","","","","","","","","","","","",""
"168","TOYOTA","SAI","AZK10","09+","C-60","","","","","","","V","","","","","","","",""
"169","TOYOTA","HARRIER AWD","ACU35W","03-","C-62","","","","","","","V","","","","","","","",""
"170","TOYOTA","FIELDER AWD (Corolla Wagon)","ZZE124","01-06","C-63","","","","","","","V","","","","","","","",""
"171","TOYOTA","CALDINA 2WD","ZZT241","03-","C-64","","","","","","","V","","","","","","","",""
"172","TOYOTA","CROWN","GRS180/182/200","03-08","C-65","V","","","","V","V","","V","V","V","","","","",""
"173","TOYOTA","FIELDER 2WD (Corolla Wagon)","ZZE122","03-08","C-66","","","","","","","V","","","","","","","",""
"174","TOYOTA","VITZ (AWD)","NCP15","01-05","C-67","","","","","","","V","","","","","","","",""
"175","TOYOTA","SOLARA","MCV20/21L","99-04","C-68","","","","","V","V","V","","V","V","","","","",""
"176","TOYOTA","ALPHARD","ANH20W","08+","C-69","","","","","","","V","","","","","","","",""
"177","TOYOTA","IPSUM AWD","ACM26W","01+","C-70","","","","","","","V","","","","","","","",""
"178","TOYOTA","TOYOTA","NCP131","10+","C-71","","","","V","","","","","","","V","","","",""
"179","TOYOTA","SIENTA","NCP81G","03+","C-72","","","","","","","V","","","","","","","",""
"180","TOYOTA","ESTIMA","TCR10W","96-00","C-73","","","","","","","V","","","","","","","",""
"181","TOYOTA","AVENSIS 4WD","AZT255W","03-","C-74","","","","","","","V","","","","","","","",""
"182","TOYOTA","PSUM FWD","SXM10G","96-01","C-75","","","","V","","","","","","","","","","",""
"183","TOYOTA","CHASER","JZX105","","C-76","V","","","","V","V","","V","V","V","","","","",""
"184","TOYOTA","CHASER","JZX115","01-04","C-77","V","","","","V","V","","V","V","V","","","","",""
"185","TOYOTA","AURIS","ZRE152H/NZE151H","07+","C-80","","","","","","","V","","V","","","","","",""
"186","TOYOTA","2011+ PRIUS","ZVW40W","11+","C-81","","","","","","","V","","","","","","","",""
"187","TOYOTA","AVENSIS FWD","AZT250W","03-","C-82","","","","","","","V","","","","","","","",""
"188","TOYOTA","HIACE/COMMUTER","H200","04+","C-84","","","","V","","","","","","","","","","",""
"189","TOYOTA","ESTIMA","ACR30W","00-05","C-85","","","","","","","V","","","","","","","",""
"190","TOYOTA","CROWN","JZS171","99-03","C-86","V","","","","","","","V","","","","","","",""
"191","TOYOTA","86","ZN6","12+","C-89","V","","","","V","V","V","","V","V","","V","","","V"
"192","TOYOTA","CAMRY (Exc SE)","XV50","2012+","C-90","","","V","V","V","V","","","V","V","","","","",""
"193","TOYOTA","CARINA E GTI","T190/ST191","92+","C-91","","","","","","V","","","V","","","","","",""
"194","TOYOTA","ALPHARD 4WD","ATH20W","11+","C-92","","","","","","","V","","","","","","","",""
"195","TOYOTA","PRIUS PHV","ZVW35","12+","C-93","","","","","","","V","","","","","","","",""
"196","TOYOTA","SIENNA","","11+","C-95","","","","V","","","","","","","","","","",""
"197","TOYOTA","FIELDER AWD","NZE144G","06-11","C-96","","","","","V","V","V","","","","","","","",""
"198","TOYOTA","PRIUS","NHW11","97-03","C-97","","","V","","","","","","","","","","","",""
"199","TOYOTA","ESTIMA Emina/Lucida","CXR20G","92-99","C-98","","","","","","","V","","","","","","","",""
"200","TOYOTA","ESTIMA","TCR11W","90-00","C-100","","","","","","","V","","","","","","","",""
"201","TOYOTA","CAMRY SE","XV50","12+","C-104","","","V","V","V","V","","","V","V","","","","",""
"202","TOYOTA","RAV4","ACA21W","00-05","C-106","","","","","","","V","","","","","","","",""
"203","TOYOTA","GRANVIA 2WD","VCH10W","95-02","C-107","","","","V","","","","","","","","","","",""
"204","TOYOTA","VIOS","","13+","C-108","","","","V","","","","","","","V","","","",""
"205","TOYOTA","MARK X ZIO FWD","ANA10","07+","C-110","","","","","","","V","","","","","","","",""
"206","TOYOTA","SIENTA AWD","NCP85G","03-11","C-111","","","","","","","V","","","","","","","",""
"207","TOYOTA","FIELDER AWD","NZE164G","12+","C-112","","","","V","","","","","","","","","","",""
"208","TOYOTA","AURIS","ZRE186H","12+","C-116","","","","","","","V","","","","","","","",""
"209","TOYOTA","CAMRY HYBRID","XV50","12+","C-117","","","V","V","V","V","","","V","V","","","","",""
"210","TOYOTA","AURIS AWD","NZE154","06-12","C-119","","","","","","","V","","","","","","","",""
"211","TOYOTA","PRIUS C-Aqua","NHP10","11+","C-120","","","","V","","","","","","","V","","","",""
"212","TOYOTA","ALTIS","","13+","C-121","","","","","V","V","V","","V","V","","V","","",""
"213","NISSAN","Cefiro/MAXIMA","A32","95-99","D-01","","","","","V","V","V","","V","V","","V","","V",""
"214","NISSAN","Sentra/Sunny","N16/B15","00-06","D-02","","","","","V","V","V","","V","V","","","","V","V"
"215","NISSAN","March","AK11","93-up","D-03","","V","","","","V","","","V","","","","","",""
"216","NISSAN","AD","Y10","95-","D-04","","","","","","","V","","","","","","","",""
"217","NISSAN","Primera","P10","92-96","D-05","V","","","","","","","V","","","","","","",""
"218","NISSAN","Sentra","B13/N14","91-95","D-06","","","","","","V","V","","V","","","","","",""
"219","NISSAN","Skyline R32-GTR","BNR32","89-94","D-07","V","","","","V","V","","V","V","V","","","","","V"
"220","NISSAN","Skyline R33/34 GTR","BCNR33/BNR34","95~01","D-08","V","","","","V","V","","V","V","V","","","","","V"
"221","NISSAN","Primera(UK)","P11","","D-09","V","","","","","","","V","","","","","","",""
"222","NISSAN","Cefiro/MAXIMA","A33","00-03","D-10","","","","","","V","V","","V","","","V","","V",""
"223","NISSAN","Sentra","B14/N15","95- 99","D-11","","","","","V","V","V","","V","V","","V","","V",""
"224","NISSAN","Silvia 240SX","A31/S13","89-94","D-12","","","","","V","V","V","","V","V","","V","","","V"
"225","NISSAN","303","","","D-13","","","","","","V","","","","","","","","",""
"226","NISSAN","Silvia 240SX","S14","95~98","D-14","","","","","V","V","V","","V","V","","V","","","V"
"227","NISSAN","Skyline R32 GTS","HCR32","89-94","D-15","V","","","","V","V","","V","V","V","","","","","V"
"228","NISSAN","Skyline R33 GTS","ECR33","95-98","D-16","V","","","","V","V","","V","V","V","","","","","V"
"229","NISSAN","Fairlady Z/350Z","Z33","03-","D-17","V","","","","V","V","","V","V","V","","","","","V"
"230","NISSAN","Skyline R34 GTS","ER34","98-01","D-18","V","","","","V","V","","V","V","V","","","","","V"
"231","NISSAN","TEANA","J31","04-","D-19","","","V","","","V","","","","","","","","V",""
"232","NISSAN","Fairlady Z/300ZX","Z32","90-96","D-20","V","","","","V","V","","V","V","V","","","","",""
"233","NISSAN","TIIDA","C11","06+","D-21","","","","","","V","V","","V","","","","","V",""
"234","NISSAN","S12","S12","84-87","D-22","","","","","","V","","","V","","","V","","",""
"235","NISSAN","ALTIMA/MAXIMA","L31/A34","02+","D-23","","","","","V","V","V","","","","","","","",""
"236","NISSAN","SENTRA","B16","07+","D-24","","","","","","V","V","","","","","","","",""
"237","NISSAN","MARCH","AK12","02+","D-25","","","","","","V","V","","","","","","","",""
"238","NISSAN","ALTIMA","U13","93-97","D-26","","","","","","V","V","","","","","","","",""
"239","NISSAN","Silvia 240SX","S15","98~02","D-27","","","","","V","V","V","","V","V","","V","","","V"
"240","NISSAN","ALTIMA","","07+","D-28","","","","","V","V","V","","V","V","","","","",""
"241","NISSAN","Skyline R35 GT-R","R35","07+","D-29","V","","","","V","V","","V","V","V","","","","",""
"242","NISSAN","Fairlady Z/370Z","Z34","08+","D-30","V","","","","V","V","","V","V","","","","","","V"
"243","NISSAN","STAGEA RS AWD","WGNC34","96~01","D-31","V","","","","V","V","","V","V","V","","","","",""
"244","NISSAN","STAGEA 260RS AWD","WGNC34","96~01","D-32","V","","","","V","V","","V","V","V","","","","",""
"245","NISSAN","STAGEA 2WD","M35","01~07","D-33","V","","","","V","V","","V","V","V","","","","","V"
"246","NISSAN","STAGEA AWD","NM35","01~07","D-34","","V","","","V","V","","V","V","V","","","","",""
"247","NISSAN","PRIMERA(JP)","P11","95~00","D-36","V","","","","","","","V","","","","","","",""
"248","NISSAN","TEANA","J32","09+","D-37","","","","V","V","V","","","V","","","","","V",""
"249","NISSAN","SERENA","PC24","99~05","D-39","","","","","","","V","","","","","","","",""
"250","NISSAN","ELGRAND","E51","02+","D-40","","","","","","","V","","","","","","","",""
"251","NISSAN","Pulsar GTIR AWD","RNN14","91-95","D-41","","","","","","V","V","","V","","","","","",""
"252","NISSAN","X-TRAIL","T31","00-07","D-42","","","","","","","V","","","","","","","",""
"253","NISSAN","MARCH","W02A","10+","D-43","","","","V","","","","","","","","","","",""
"254","NISSAN","MURANO","PNZ50/PZ50","02-07","D-44","","","","","","","V","","","","","","","",""
"255","NISSAN","PRESAGE","TU31","03-09","D-45","","","","","","","V","","","","","","","",""
"256","NISSAN","FUGA","Y51","09+","D-46","V","","","","V","V","","","","","","","","",""
"257","NISSAN","STAGEA 2WD","WGC34","96-01","D-47","","","","","V","V","V","","V","V","","V","","",""
"258","NISSAN","SELENA","C25","05+","D-48","","","","","","","V","","","","","","","",""
"259","NISSAN","ELGRAND","E52","2010+","D-51","","","","","","","V","","","","","","","",""
"260","NISSAN","Crossover 370GT-FOUR","NJ50","07+","D-52","V","","","","V","V","","V","V","V","","","","",""
"261","NISSAN","JUKE","YF15","10+","D-54","","","","","","V","V","","V","","","","","",""
"262","NISSAN","SERENA","FC26","10+","D-55","","","","","","","V","","","","","","","",""
"263","NISSAN","Cedric/Gloria (W/spindle)","Y34","99-04","D-56","","","","","V","V","","","V","V","","","","",""
"264","NISSAN","Cedric/Gloria (W/spindle)","Y33","95-99","D-57","","","","","V","V","","","V","V","","","","",""
"265","NISSAN","370GT 2WD","J50","07+","D-60","V","","","","V","V","","V","V","V","","","","",""
"266","NISSAN","LIVINA","C11","06+","D-61","","","","","","","V","","","","","","","",""
"267","NISSAN","TIIDA","C12","2011","D-62","","","","","","V","V","","","","","","","",""
"268","NISSAN","CUBE","Z11","02-08","D-63","","","","","","V","V","","","","","","","",""
"269","NISSAN","CUBE","Z112","09+","D-64","","","","","","V","V","","","","","","","",""
"270","NISSAN","LEAF FWD","ZE0","10+","D-65","","","","","","","V","","","","","","","",""
"271","NISSAN","250GT-FOUR","NV35","01-06","D-66","V","","","","V","V","","","","","","","","",""
"272","NISSAN","R31 (AUS SPEC) (W/O Spindle)","R31","85-87","D-67","","","","","","V","V","","V","","","","","",""
"273","NISSAN","ROGUE AWD","","11+","D-68","","","","","","","V","","","","","","","",""
"274","NISSAN","ELGRAND","ALE50","97-02","D-70","","","","","","","V","","","","","","","",""
"275","NISSAN","CIMA (W/spindle)","F50","01-10","D-71","","","","","V","V","","","V","V","","","","",""
"276","NISSAN","Skyline R34 GTS ( rear eye )","ER34","98-01","D-72","V","","","","V","V","","V","V","V","","","","",""
"277","NISSAN","LAUREL AWD","C35","93-97","D-73","V","","","","V","V","","V","V","V","","","","",""
"278","NISSAN","SKYLINE 4WD","ENR34","98-00","D-74","V","","","","V","V","","V","V","V","","","","",""
"279","NISSAN","GRAND LIVINA","C11","06+","D-75","","","","","","","V","","","","","","","",""
"280","NISSAN","JUKE 4WD","NF15","10+","D-76","","","","","","V","V","","V","","","","","",""
"281","NISSAN","X-TRAIL 4WD","NT31","07+","D-78","","","","","","","V","","","","","","","",""
"282","NISSAN","PRESAGE","U30","98-03","D-79","","","","","","V","V","","","","","","","",""
"283","NISSAN","QUEST","","11+","D-81","","","","","","","V","","","","","","","",""
"284","NISSAN","X-TRAIL 4WDCUBE AWD","ANZ10","99-02","D-82","V","","","","","","","","","","","","","",""
"285","NISSAN","DUALIS FWD","J10","07+","D-83","","","","","","","V","","","","","","","",""
"286","NISSAN","NOTE","E12","12+","D-84","","","","V","","","","","","","","","","",""
"287","NISSAN","MURANO FWD","PNZ51","09+","D-85","","","","V","","","","","","","","","","",""
"288","NISSAN","BLUEBIRD SYLPHY AWD","NG11","05-12","D-86","","","","","","","V","","","","","","","",""
"289","NISSAN","Skyline 250GT FOUR","NV36","06+","D-88","V","","","","V","V","","V","V","V","","","","",""
"290","NISSAN","SYLPHY FWD","TB17","12+","D-89","","","","","","","V","","","","","","","",""
"291","NISSAN","VERSA NOTE","E12","12+","D-90","","","","V","","","","","","","","","","",""
"292","NISSAN","NOTE AWD","E12","12+","D-91","","","","V","","","","","","","","","","",""
"293","NISSAN","AVENIR","RW11","98-05","D-92","","","","","","","V","","","","","","","",""
"294","NISSAN","13+ X-TRAIL AWD","NT32","13+","D-95","","","","","","","V","","","","","","","",""
"295","NISSAN","BLUE BIRD","G11","05-12","D-98","","","","","","V","V","","V","","","","","",""
"296","FORD","Liata","","95-98","E-02","V","","","","","","","","","","","","","",""
"297","FORD","Tierra","","98-05","E-03","V","","","","V","V","","","V","V","","","V","V",""
"298","FORD","New Mondeo(2.0)","","98-00","E-04","","","","V","","","","","","","","","","",""
"299","FORD","Metrostar","","01-","E-05","","V","","","","","","","","","","","","",""
"300","FORD","FOCUS(T)","","04-","E-06","","","","","","V","V","","V","","","V","","V","V"
"301","FORD","FOCUS(EURO)","DAW","01-","E-07","","V","","","","V","","","V","","","","","",""
"302","FORD","FIESTA","","02~08","E-08","","","","","","","V","","V","","","","","",""
"303","FORD","MUSRANG","S197","05+","E-09","","","","","","V","V","","V","","","V","","",""
"304","FORD","MUSTANG","SN95","94-04","E-10","","","","","","","","","V","","","","","",""
"305","FORD","Mondeo","CD345","07+","E-12","","","V","","","","V","","","","V","","","",""
"306","FORD","FIESTA","","08+","E-13","","","","","","","V","V","","","","","","",""
"307","FORD","FOCUS RS (MK2)","","09+","E-14","","","","","","V","","","V","","","","","",""
"308","FORD","ESCAPE AWD","","05+","E-15","","","","","","","V","","","","","","","",""
"309","FORD","FOCUS RS","MK1","01-04","E-16","","","","","","","","","V","","","","","",""
"310","FORD","FLEX","","09+","E-17","","","","","","","V","","","","","","","",""
"311","FORD","MAZDA 323 GTX","BG","89-97","E-19","V","","","","","V","","","V","","","","","",""
"312","FORD","FOCUS","","11+","E-21","","","","","","V","V","","V","","","V","","",""
"313","FORD","FOCUS ST","MK3","13+","E-22","","","","","","V","V","","V","","","V","","",""
"314","FORD","Falcon Sedan","BA/BF","02-07","E-25","","","","","","","","V","","","","","","",""
"315","FORD","Falcon Wagon/Ute","BA/BF","02-07","E-26","","","","","","","","V","","","","","","",""
"316","FORD","Falcon Sedan","FG","08+","E-27","","","","","","","","V","","","","","","",""
"317","FORD","Falcon Ute","FG","08+","E-28","","","","","","","","V","","","","","","",""
"318","FORD","FIESTA ST","","13+","E-29","","","","","","","V","","V","","","","","",""
"319","SUBARU","Impreza WRX","GC6/8","93-01","F-01","V","","","","V","V","V","","V","V","","","V","V","V"
"320","SUBARU","Impreza WRX","GDA/GDB","02-07","F-02","V","","","","V","V","V","","V","V","","","V","V","V"
"321","SUBARU","Impreza STI","GDE/GDF","05-07","F-03","V","","","","V","V","V","","V","V","","","V","","V"
"322","SUBARU","LEGACY","BL9/BP","03-08","F-04","","","","","V","V","V","","V","V","","V","","",""
"323","SUBARU","LEGACY","BE/BH","98-03","F-05","V","","","","V","V","V","","V","V","","V","","",""
"324","SUBARU","BAJA","B12","02+","F-06","V","","","","V","V","V","","V","V","","","","",""
"325","SUBARU","OUTBACK","","05-09","F-07","","","V","","","","","","V","","","","","",""
"326","SUBARU","WRX","GH8","08+","F-08","","","","","V","V","V","","V","V","","V","","","V"
"327","SUBARU","LEGACY","BD/BG/BK","93-98","F-09","V","","","","V","V","V","","V","V","","","V","",""
"328","SUBARU","STI","GRB","08+","F-10","","","","","V","V","V","","V","V","","V","","","V"
"329","SUBARU","FORESTER","SF","97-02","F-11","V","","","","V","V","V","","V","V","","","V","",""
"330","SUBARU","FORESTER","SG","03-07","F-12","V","","","","V","V","V","","V","V","","","V","",""
"331","SUBARU","FORESTER","SH","08+","F-13","","","","","V","V","V","","V","V","","","","",""
"332","SUBARU","LEGACY","BM9/BR9","09+","F-14","V","","","","V","V","V","","V","V","","V","","",""
"333","SUBARU","OUTBACK","","09+","F-16","","","","","V","V","V","","V","V","","","","",""
"334","SUBARU","STI SEDAN","GVB/GVF","11+","F-17","","","","","V","V","V","","V","V","","V","","","V"
"335","SUBARU","LEGACY","BC/BJ/BG","89-94","F-18","V","","","","V","V","V","","V","V","","","","",""
"336","SUBARU","EXIGA 4WD","YA5","10-11","F-19","","","","","V","V","V","","V","V","","","","",""
"337","SUBARU","BRZ","ZC6","12+","F-20","V","","","","V","V","V","","V","V","","V","","","V"
"338","SUBARU","Impreza G4","GJ7","11+","F-21","","","","","V","V","V","","V","V","","","","",""
"339","SUBARU","OUTBACK","","00-04","F-22","V","","","","V","V","V","","V","V","","","","",""
"340","SUBARU","FORESTER","SJ","12+","F-23","","","","","V","V","V","","V","V","","","","",""
"341","SUBARU","LEVORG","VM4/VM5","14+","F-24","","","","","V","V","V","","V","V","","","","",""
"342","CHRYSLER","Neon","","94-99","G-01","","","","V","V","","","","","V","","","V","",""
"343","CHRYSLER","Neon","PL","00-","G-02","","","","V","V","","","","","V","","","V","",""
"344","CHRYSLER","SRT-4","SRT-4","03-","G-03","","","","V","V","","","","","V","","","V","","V"
"345","CHRYSLER","300C LX","","11+","G-04","V","","","","V","V","","V","V","V","","","","",""
"346","VW","Golf/JETTA","MK3/A3","83-99","H-01","","","","V","","","","","","","V","","","",""
"347","VW","Golf IV/JETTA IV","MK4/A4","99-05","H-02","","","","V","","","","","","","V","","","V",""
"348","VW","Vento","","95-","H-03","","","","V","","","","","","","V","","","",""
"349","VW","Golf V(GTI,DTI)","MK5/V5","06+","H-04","","","","","","V","V","","V","","","","","V","V"
"350","VW","POINTER","AB9","06+","H-05","","","","V","","","","","","","","","","",""
"351","VW","LUPO","6X/6E","99+","H-06","","","","V","","","","","","","","","","",""
"352","VW","PASSAT","B5G","96-05","H-07","","V","","","","","","V","","","","","","",""
"353","VW","NEW BEETLE","MK4/A4","99-","H-02","","","","V","","","","","","","V","","","",""
"354","VW","BORA","MK4/A4","99-06","H-02","","","","V","","","","","","","V","","","",""
"355","VW","POLO 1.4","9N/9N3/MK4","02-09","H-08","","","","","","","V","","","","","","","",""
"356","VW","Golf IV/JETTA IV AWD","MK4/A4","99-05","S-03","","","","V","","","","","","","V","","","",""
"357","VW","BORA AWD","MK4/A4","99-06","S-03","","","","V","","","","","","","V","","","",""
"358","VW","LUPO","GTI","98-05","H-09","","","","V","","","","","","","","","","",""
"359","VW","GOLF V 1.6 (Strut 49.5)","MK5/V5","06+","H-10","","","","","","V","V","","V","","","","","V",""
"360","VW","GOLF VI","MK6/V6","09+","H-11","","","","","","V","V","","V","","","","","V",""
"361","VW","PASSAT","B6","06+","H-12","","","","","","V","V","","V","","","","","",""
"362","VW","POLO","MK5","10+","H-13","","","","V","","","","","","","V","","","",""
"363","VW","GOLF R (W/O DCC)","","10+","H-14","","","","","","V","V","","V","","","","","","V"
"364","VW","SCIROCCO","(PQ35)","09+","H-15","","","","","","V","V","","V","","","","","",""
"365","VW","PASSAT CC","B6","08+","H-16","","","","","","V","V","","V","","","","","",""
"366","VW","TOUAREG","7L","02-10","H-17","","","","","","","","V","","","","","","",""
"367","VW","GOLF","MK1","74-83","H-18","","","","","","V","","","V","","","","","",""
"368","VW","SAGITAR","","11+","H-20","","","","","","V","V","","V","","","","","",""
"369","VW","PASSAT","B6/B7","12+","H-21","","","","","","V","V","","V","","","","","",""
"370","VW","PASSAT AWD","B5/B5G","96-05","H-22","V","","","","","","","V","","","","","","",""
"371","VW","GOLF VII (Strut 49.5)","MK7/A7","13+","H-23","","","","","","V","V","","V","","","","","",""
"372","VW","GOLF VII (STRUCT 54.5)","MK7/A7","13+","H-24","","","","","","V","V","","V","","","","","",""
"373","VW","PASSAT sedan/wagon","B3/B4","88-96","H-25","","","","","","","","","","","V","","","",""
"374","BMW","3 SERIES","","92-97","I-01","","","","","V","V","V","","V","V","","V","","V","V"
"375","BMW","3 SERIES","","98-","I-02","","","","","V","V","V","","V","V","","V","","V","V"
"376","BMW","3 SERIES","","05+","I-03","","","","","","V","V","","V","","","V","","","V"
"377","BMW","3 SERIES (45mm)","E30","84-91","I-04","","","","","V","V","","","V","V","","","","",""
"378","BMW","5 SERIES SEDAN","E39","95-04","I-06","","","","","V","V","V","V","V","V","","V","","",""
"379","BMW","3 SERIES(6 CYLINDER)","E30","84-91","I-07","","","","","V","V","","","V","V","","","","",""
"380","BMW","E-CLASS","W212","10+","J-08","","","V","","","","","","","","V","","","",""
"381","BMW","5 SERIES","E60","04-09","I-09","","","V","","","","V","V","","","V","V","","",""
"382","BMW","Z3","","96-02","I-10","","","","","","V","V","","V","","","V","","",""
"383","BMW","120i/130i","E81/E87","04+","I-11","","","","","","V","V","","V","","","","","",""
"384","BMW","Z4","E85","02-08","I-12","","","","","V","V","V","","V","V","","","","",""
"385","BMW","3 SERIES","E92 (M3)","08+","I-13","","","","","","V","V","","V","","","","","","V"
"386","BMW","3 SERIES","E46 (M3)","98-05","I-14","","","","","V","V","V","","V","V","","","","","V"
"387","BMW","5 SERIES","E60 (M5)","05-10","I-15","","","V","","","","","","","","V","","","",""
"388","BMW","5 SERIES","F10","10+","I-16","","V","","","","","","V","","","","","","",""
"389","BMW","3 SERIES","E93","07+","I-17","","","","","","V","V","","V","","","","","",""
"390","BMW","3 SERIES","E92","06+","I-18","","","","","","V","V","","V","","","","","","V"
"391","BMW","6 SERIES","E63/E64 (M6)","05-10","I-19","","","V","","","","","","","","V","","","",""
"392","BMW","X5","E53","99-06","I-20","","","","","","","","","V","","","","","",""
"393","BMW","1 SERIES M COUPE","E82","11+","I-21","","","","","","V","V","","V","","","","","",""
"394","BMW","Z4 M","E85","06-08","I-22","","","","","V","V","V","","V","V","","","","",""
"395","BMW","7 SERIES","E38","94-01","I-23","","","","","","V","V","V","V","","","V","","",""
"396","BMW","3 SERIES COMPACT","E36/5","94-00","I-25","","","","","","V","V","","V","","","V","","",""
"397","BMW","3 SERIES","E36 (M3)","92-99","I-26","","","","","V","V","V","","V","V","","V","","",""
"398","BMW","6 SERIES 650i","F13","11+","I-27","","V","","","","","","V","","","","","","",""
"399","BMW","5 SERIES (55mm)","E34 (WELD IN)","89-96","I-28","","","","","","V","","","V","","","","","",""
"400","BMW","3 SERIES","F30","12+","I-29","","","","V","","V","","","V","","V","","","",""
"401","BMW","3 SERIES (Rear Integrated)","E36","92-97","I-30","","","","","","","","","","V","","","","",""
"402","BMW","3 SERIES (Rear Integrated)","E46","98+","I-31","","","","","","","","","","V","","","","",""
"403","BMW","3 SERIES (51mm) (Rear Integrated)","E30","84-91","I-32","","","","","","","","","","V","","","","",""
"404","BMW","3 SERIES (45mm) (Rear Integrated)","E30","84-91","I-33","","","","","","","","","","V","","","","",""
"405","BMW","5 SERIES","E28 (WELD IN)","81-88","I-34","","","","","","","","","V","","","","","",""
"406","BMW","1 SERIES","F20","11+","I-37","","","","V","","V","","","V","","V","","","",""
"407","BMW","7 SERIES","E65","01-05","I-38","","","V","","","","","","","","V","","","",""
"408","BMW","3 SERIES (W/O EDC)","E92(M3)","08+","I-39","","","","","","V","V","","V","","","","","","V"
"409","BMW","X1","E84","09+","I-40","","","","","","V","V","","V","","","","","",""
"410","BMW","3 SERIES","F30 AWD","12+","I-41","","","","V","","V","","","V","","V","","","",""
"411","BMW","3 SERIES","E21","75-83","I-43","","","","","","","","","V","","","","","",""
"412","BMW","6 SERIES SEDAN","F06","12+","I-45","","V","","","","","","V","","","","","","",""
"413","BMW","Z4","E89","09+","I-47","","","","","","V","V","","V","","","","","",""
"414","BENZ","C230/C240/C320","W203","01~5","J-01","","","","V","","","","","","","V","","","",""
"415","BENZ","C200","W204","09+","J-02","","","V","","","","","","","","V","","","","V"
"416","BENZ","SLK","R171","04+","J-03","","","","","","","","","V","","","","","",""
"417","BENZ","C63 AMG","W204","08+","J-04","","","V","","","","","","","","V","","","","V"
"418","BENZ","E55-AMG","W211","03-06","J-05","","V","","","","","","V","","","","","","",""
"419","BENZ","E-CLASS","W211","02-09","J-06","","V","","","","","","V","","","","","","",""
"420","BENZ","E-CLASS WGAON","W211K","04-06","J-07","","V","","","","","","V","","","","","","",""
"421","BENZ","E-CLASS","W212","12+","J-08","","","V","","","","","","","","V","","","",""
"422","BENZ","E-CLASS SEDAN(Airmatic)","W211","03-09","J-10","","V","","","","","","V","","","","","","",""
"423","BENZ","A-CLASS","W176","13+","J-11","","","","V","","V","","","V","","V","","","",""
"424","BENZ","E-CLASS COUPE","W207/C207","10+","J-13","","","V","","","","","","","","V","","","",""
"425","BENZ","E260L CHINA","W212","14+","J-14","","","V","","","","","","","","V","","","",""
"426","PEUGEOT","106","","","K-01","","","","V","","","","","","","","","","",""
"427","PEUGEOT","206","","98-","K-02","","","","V","","V","","","V","","V","","","",""
"428","PEUGEOT","307","","","K-04","","","","V","","","","","","","","","","",""
"429","PEUGEOT","207","","06+","K-05","","","","V","","V","","","V","","V","","","",""
"430","PEUGEOT","306","N3/N5/7B","93-01","K-06","","","","V","","","","","","","","","","",""
"431","PEUGEOT","207 (EURO)","","06-12","K-08","","","","V","","","","","","","V","","","",""
"432","PEUGEOT","308","","07-13","K-09","","","","V","","","","","","","","","","",""
"433","CITROEN","SAXO","","","K-01","","","","V","","","","","","","","","","",""
"434","CITROEN","C2/C3","","02+","K-03","","","","V","","","","","","","","","","",""
"435","CITROEN","DS3","","09+","K-07","","","","","","","","","","","V","","","",""
"436","CITROEN","DS3 (strut 47mm)","","09+","K-10","","","","","","","","","","","V","","","",""
"437","SUZUKI","SOLIO","","00-up","L-01","","","","","","V","V","","","","","","","V",""
"438","SUZUKI","Cappuccino","","91-98","L-02","V","","","","V","","","","","","","","","",""
"439","SUZUKI","SWIFT","ZC31S","05-","L-06","","","","V","","","","","","","V","","","V",""
"440","SUZUKI","SX4","YB41","06+","L-07","","","","V","","","","","","","","","","",""
"441","SUZUKI","LIANA","","01-07","L-08","","","","","","","V","","","","","","","",""
"442","SUZUKI","EVERY/CARRY","DB52","00+","L-10","","","","","","","V","","","","","","","",""
"443","SUZUKI","IGNIS","HT51S","00-05","L-11","","","","","","","V","","","","","","","",""
"444","SUZUKI","SWIFT","ZC72S/ZC32S","11+","L-12","","","","V","","","","","","","V","","","V",""
"445","SUZUKI","WAGON R","MH23S","08+","L-13","","","","","","V","","","","","","","","",""
"446","SUZUKI","SWIFT SPORTS","HT81S","03-05","L-14","","","","","","","V","","","","","","","",""
"447","SUZUKI","PALETTE SW","MK21S","08+","L-16","","","","","","V","","","","","","","","",""
"448","SUZUKI","WAGON R","MH34S","12+","L-17","","","","V","","","","","","","","","","",""
"449","HYUNDAI","COUPE","","94-99","M-01","","","V","","","V","","","","","","","","",""
"450","HYUNDAI","Getz","","03-up","M-02","","","","V","","","","","","","","","","",""
"451","HYUNDAI","Matrix","","03-up","M-03","","","V","","","V","","","","","","","","",""
"452","HYUNDAI","ELANTRA","","02-up","M-04","","","V","","","V","","","","","","","","",""
"453","HYUNDAI","ATOS PRIME","","","M-05","","V","","","","","","","","","","","","",""
"454","HYUNDAI","COUPE","","02-UP","M-06","","","V","","","V","","","V","","","","","",""
"455","HYUNDAI","GENESIS","","09+","M-07","","","","","","V","V","","V","","","","","",""
"456","HYUNDAI","GENESIS (Sedan)","","08+","M-08","V","","","","","","","V","","","","","","",""
"457","HYUNDAI","I30","","08+","M-09","","","","","","","V","","","","","","","",""
"458","HYUNDAI","I10","","08+","M-10","","","","V","","","","","","","","","","",""
"459","HYUNDAI","GENESIS(Coupe)","","11+","M-11","","","","","","V","V","","V","","","","","",""
"460","HYUNDAI","VELOSTER","","12+","M-12","","","","","","V","V","","V","","","","","",""
"461","HYUNDAI","SONATA","YF","11+","M-13","","","","","","V","V","","V","","","","","",""
"462","HYUNDAI","H-1","","08+","M-14","","","","","","","V","","","","","","","",""
"463","HYUNDAI","ELANTRA","MD","11+","M-15","","","","","","V","V","","V","","","","","",""
"464","HYUNDAI","IX35/Tucson/JM","","10+","M-16","","","","","","V","V","","V","","","","","",""
"465","HYUNDAI","TUCSON","","05-09","M-17","","","","","","","V","","","","","","","",""
"466","MAZDA","MAZDA 6","GG3S/GG3P","03-","N-01","","V","","","","V","","V","V","","","","","",""
"467","MAZDA","RX-7","FD3S","93-95","N-02","V","","","","V","V","","V","V","V","","","","","V"
"468","MAZDA","MAZDA 3","BK3P","04-","N-03","","","","","","V","V","","V","","","V","","V","V"
"469","MAZDA","Miata / MX5","NA8C/NB8C","89-05","N-04","V","","","","V","V","","V","V","V","","","","","V"
"470","MAZDA","RX-8","SE3P","03-","N-05","V","","","","V","V","","V","V","V","","","","","V"
"471","MAZDA","RX7","FC3S","87-92","N-06","","","","","V","V","","","V","V","","V","","","V"
"472","MAZDA","PROTG","BJFP","98","E-03","V","","","","V","V","","","V","V","","","V","",""
"473","MAZDA","Premacy","","00-","E-03","V","","","","V","V","","","V","V","","","V","",""
"474","MAZDA","MAZDZ 323","BG6S","95-98","E-02","V","","","","","","","","","","","","","",""
"475","MAZDA","MAZDZ 323","","98-","E-03","V","","","","V","V","","","V","V","","","V","",""
"476","MAZDA","MAZDA 323 GTX","BG","89-92","N-07","V","","","","","V","","","V","","","","","",""
"477","MAZDA","MAZDA 2","DE5FS","07+","N-08","","","","","","","V","","V","","","","","",""
"478","MAZDA","MAZDA 323 GTR","","89-92","N-09","V","","","","","V","","","V","","","","","",""
"479","MAZDA","MAZDA 5","","05-","N-10","","","","","","V","V","","V","","","V","","",""
"480","MAZDA","MX-5","NCEC","06+","N-11","V","","","","V","V","","V","V","V","","","","","V"
"481","MAZDA","323 ASTINA","BG10P2","90-94","N-12","","","","","","V","","","V","","","","","",""
"482","MAZDA","MAZDA 6","GH5FS","08+","N-13","","V","","","","","","V","","","","","","",""
"483","MAZDA","MPV 2WD","LY3P","06+","N-14","","","","","","","V","","","","","","","",""
"484","MAZDA","MAZDA 323","BA","94-99","N-15","V","","","","","V","","","","","","","","",""
"485","MAZDA","MPV","LW5W","99-06","N-16","","","","","","","V","","","","","","","",""
"486","MAZDA","MAZDA 3","BL","09+","N-17","","","","","","V","V","","V","","","","","","V"
"487","MAZDA","COSMO","JCESE/JC3SE","90-95","N-18","V","","","","","","","V","","","","","","",""
"488","MAZDA","BIANTE","CCEFW","08+","N-19","","","","","","","V","","","","","","","",""
"489","MAZDA","MAZDA 2","DE","02-07","N-20","","","","","","","V","","","","","","","",""
"490","MAZDA","PREMACY","","10+","N-21","","","","","","","V","","","","","","","",""
"491","MAZDA","PREMACY","AWD","10+","N-22","","","","","","V","V","","","","","","","",""
"492","MAZDA","MAZDA 5","","11+","N-23","","","","","","V","V","","V","","","","","",""
"493","MAZDA","CX-5","KE2FW/KE2AW/KEEFW","12+","N-24","","","","","","V","V","","V","","","","","",""
"494","MAZDA","MAZDA 6","GJ2FP","12+","N-25","","","","","","V","V","","V","","","","","",""
"495","MAZDA","CX-7 2WD/4WD","ER3P","07-12","N-26","","","","","","V","V","","V","","","","","",""
"496","MAZDA","MAZDA 3 HYBRID FWD","BYEFP","13+","N-27","","","","","","V","V","","V","","","","","",""
"497","MAZDA","TRITUBE AWD","","00-07","N-28","","","","","","","V","","","","","","","",""
"498","MAZDA","MAZDA 3","BMEFS","13+","N-29","","","","","","V","V","","V","","","","","",""
"499","RENAULT","MEGANE RS","CM2H86","04-09","O-02","","","","","","","","","V","","","","","",""
"500","RENAULT","TWINGO RS","","08+","O-04","","","","","","","","","V","","V","","","",""
"501","RENAULT","CLIO V6 Phase 1","RWD","01-03","O-05","","","","","","","","","","","V","","","",""
"502","RENAULT","CLIO II RS","172","98-04","O-06","","","","","","","","","","","V","","","",""
"503","RENAULT","CLIO II RS","182","04-06","O-07","","","","","","","","","","","V","","","",""
"504","OPEL","CORSA","","95-02","P-01","","","","V","","V","","","","","","","","",""
"505","OPEL","CORSA","","03-","P-02","","","","V","","V","","","","","","","","",""
"506","OPEL","ASTRA G","T98","98-04","P-03","","","","","","","","","","","V","","","",""
"507","OPEL","CORSA D","SCCS","06+","P-04","","","","V","","","","","","","V","","","",""
"508","OPEL","VECTRA B","","96-01","P-05","","","","","","","","","","","V","","","",""
"509","CHEVROLET","COBALT","","06+","Q-01","","","","","","V","","","V","","","V","","",""
"510","CHEVROLET","CAVALIER","JF37","95-05","Q-02","","","","","","","","","V","","","","","",""
"511","CHEVROLET","EXCELLE","","03+","Q-03","","","V","","","","","","","","","","","",""
"512","CHEVROLET","CAMARO","","09+","Q-04","","","","V","","","","","","","V","","","","V"
"513","CHEVROLET","CRUZE","","09+","Q-06","","","","V","","","","","","","V","","","",""
"514","CHEVROLET","OPTRA","","02-08","Q-07","","","V","","","","","","","","","","","",""
"515","CHEVROLET","SONIC","T300","12+","Q-08","","","","V","","","","","","","V","","","",""
"516","CHEVROLET","CAMARO","","13+","Q-10","","","","V","","","","","","","V","","","",""
"517","CHEVROLET","SPARK","M300","10+","Q-11","","","","V","","","","","","","V","","","",""
"518","LEXUS","IS-200/IS300","GXE10/JEC10","99-","R-01","V","","","","V","V","","V","V","V","","","","","V"
"519","LEXUS","IS250","GSE20","06-","R-02","V","","","","V","V","","V","V","V","","","","","V"
"520","LEXUS","GS-300","JZS160/161","98-05","R-03","V","","","","V","V","","V","V","V","","","","",""
"521","LEXUS","LS400","UCF20","95-00","R-04","V","","","","V","V","","V","V","V","","","","",""
"522","LEXUS","GS-300","JZS147","92-97","R-05","V","","","","V","V","","V","V","V","","","","",""
"523","LEXUS","LS430","UCF30","00-07","R-07","V","","","","V","V","","V","V","V","","","","",""
"524","LEXUS","IS250 / GS350 AWD","GSE25","06-","R-08","V","","","","V","V","","V","V","V","","","","",""
"525","LEXUS","LS400","UCF10","89-94","R-09","V","","","","V","V","","V","V","V","","","","",""
"526","LEXUS","LS460","USF40","07+","R-10","V","","","","V","V","","V","V","V","","","","",""
"527","LEXUS","SC430","UZZ40","01+","R-11","V","","","","V","V","","V","V","V","","","","",""
"528","LEXUS","IS 250C","","09+","R-12","V","","","","V","V","","V","V","V","","","","",""
"529","LEXUS","ES300","MCV20","96-01","R-13","","","","V","","","","","","","V","","","",""
"530","LEXUS","ES300","MCV30","96-01","R-14","","","","V","","V","","","V","","","","","",""
"531","LEXUS","CT200h","ZWA10","11+","R-16","","","","","","","V","V","","","","","","",""
"532","LEXUS","HS250h","ANF10","09+","R-18","","","","","","","V","","","","","","","",""
"533","LEXUS","ES250","VZV21","89-91","R-19","","","","","","","V","","","","","","","",""
"534","LEXUS","GS350","L10","13+","R-20","V","","","","V","V","","V","V","V","","","","",""
"535","LEXUS","GS300/350","GRS191/UZS190","06-12","R-21","V","","","","V","V","","V","V","V","","","","","V"
"536","LEXUS","IS300h RWD","GSE30/31","13+","R-22","V","","","","V","V","","V","V","V","","","","",""
"537","LEXUS","ES300h","XX40","13+","R-23","","","V","V","V","V","","","V","V","","","","",""
"538","AUDI","A3","8L","99~05","H-02","","","","V","","","","","","","V","","","",""
"539","AUDI","TT 2WD","TTC","99~05","H-02","","","","V","","","","","","","V","","","",""
"540","AUDI","A3","8P","06+","H-04","","","","","","V","V","","V","","","","","",""
"541","AUDI","A4","B5","95-00","S-01","V","","","","","","","V","","","","","","",""
"542","AUDI","A4","B6/8E","02+","S-02","","","","V","","","","","","","V","","","",""
"543","AUDI","TT AWD","TTR","99~06","S-03","","","","V","","","","","","","V","","","",""
"544","AUDI","A3 AWD","8L","99~05","S-03","","","","V","","","","","","","V","","","",""
"545","AUDI","S5","B5","97-02","S-05","","V","","","","","","V","","","","","","",""
"546","AUDI","A5/SPORTBACK AWD","B8","07+","S-07","","","","V","","","","","","","V","","","",""
"547","AUDI","A6 2WD","C5","97-04","S-08","","V","","","","","","","","","","","","",""
"548","AUDI","A4 AWD","B5","95-01","S-09","","V","","","","","","V","","","","","","",""
"549","AUDI","A6L","C6","06+","S-10","","","","V","","","","","","","","","","",""
"550","AUDI","A1","8X","10+","S-11","","","","V","","","","","","","V","","","",""
"551","AUDI","A6 AWD","C5","97-04","S-12","V","","","","","","","V","","","","","","",""
"552","AUDI","TT","8J","07+","S-13","","","","","","V","V","","V","","","","","",""
"553","AUDI","A6 2WD/AWD","C7","12+","S-14","","","","V","","","","","","","V","","","",""
"554","MINI","COOPER","RE16","02+","T-01","","","","","V","V","","","V","V","","","","","V"
"555","MINI","COOPER","R56","07+","T-02","","","","","V","V","","","V","V","","","","",""
"556","MINI","Countryman R60","ZC16","2011+","T-03","","","","","","V","V","","V","","","","","",""
"557","SCION","TC","ANT10","05-","U-01","","","","","V","V","","","V","V","","V","","",""
"558","SCION","XB","NCP31","04+","U-02","","","","","","V","V","","V","","","V","","",""
"559","SCION","XB","AZE151","08+","U-03","","","","","","V","V","","V","","","","","",""
"560","SCION","TC","AGT20","11+","U-04","","","","","","V","V","","V","","","","","",""
"561","SCION","FR-S","ZN6","12+","U-05","V","","","","V","V","V","","V","V","","V","","","V"
"562","INFINITI","G35","V35","03-","D-17","V","","","","V","V","","V","V","V","","","","","V"
"563","INFINITI","M35/M45","Y50","06+","V-01","V","","","","V","V","","V","V","V","","","","","V"
"564","INFINITI","G37","","07+","V-02","","V","","","V","V","","V","V","V","","","","","V"
"565","INFINITI","FX35","","03~08","V-03","","","","","","V","V","","V","","","","","",""
"566","INFINITI","G35 AWD","","04-","V-04","V","","","","V","V","","V","V","V","","","","",""
"567","INFINITI","Q45 (W/O Spindle)","Y33","97-01","V-05","","","","","V","V","","","V","V","","","","",""
"568","INFINITI","Q45 (W/ Spindle)","Y33","97-01","V-05","","","","","V","V","","","V","V","","","","",""
"569","INFINITI","M37","Y51","10+","V-07","V","","","","V","V","","V","V","V","","","","",""
"570","INFINITI","G37 AWD","","09+","V-08","V","","","","V","V","","V","V","V","","","","",""
"571","INFINITI","FX35 RWD","S51","09+","V-09","V","","","","V","V","","V","V","V","","","","",""
"572","INFINITI","FX35 AWD (W/O CDC)","S51","09+","V-10","V","","","","V","V","","V","V","V","","","","",""
"573","INFINITI","M35 AWD","Y50","06-10","V-11","V","","","","V","V","","V","V","V","","","","",""
"574","INFINITI","G37 Convertible","","07+","V-12","V","","","","V","V","","V","V","V","","","","",""
"575","INFINITI","EX35 AWD","J50","07+","V-13","V","","","","V","V","","V","V","V","","","","",""
"576","INFINITI","EX35 RWD","J50","07+","V-14","V","","","","V","V","","V","V","V","","","","",""
"577","INFINITI","FX50S AWD (W/ CDC)","S51","09+","V-15","V","","","","V","V","","V","V","V","","","","",""
"578","INFINITI","M37 AWD","Y51","11+","V-16","V","","","","V","V","","V","V","V","","","","",""
"579","INFINITI","M35/M45","Y34","02-04","V-17","","","","","V","V","","","V","V","","","","",""
"580","INFINITI","Q50","V37","14+","V-18","V","","","","V","V","","V","V","V","","","","",""
"581","KIA","EURO STAR","","04+","W-01","","","","V","","","","","","","","","","",""
"582","KIA","FORTE","","09+","W-02","","","","","","V","V","","V","","","","","",""
"583","KIA","FORTE(China)","","09+","W-03","","","","V","","","","","","","","","","",""
"584","KIA","RIO","DC","01-02","W-04","","","","","","","V","","","","","","","",""
"585","KIA","OPTIMA","TF","11+","W-05","","","","","","V","V","","V","","","","","",""
"586","KIA","SOUL","","10-13","W-07","","","","V","","","","","","","","","","",""
"587","SAAB","SAAB 93","","04+","X-01","","","","V","","V","","","","","","","","",""
"588","PORSCHE","CAYENNE","","02+","Y-01","","","","","","","","V","","","","","","",""
"589","PORSCHE","PORSCHE 996 Turbo AWD","","97-05","Y-02","","","","","","","","","","","V","","","",""
"590","PORSCHE","PORSHE 997","","09+","Y-03","","","","","","","","","","","V","","","",""
"591","PORSCHE","PROSCHE 968","","","Y-04","","","","","","","V","","","","","","","",""
"592","DODGE","CHARGER SRT-8","","06+","Z-01","V","","","","V","V","","V","V","V","","","","",""
"593","DODGE","CALIBER SRT-4","","05+","Z-02","","","","","","V","","","V","","","V","","",""
"594","DODGE","VIPER (97.5)","","96-08","Z-03","","","","","","","","","","","V","","","",""
"595","DODGE","SRT-8 AWD","","07+","Z-04","V","","","","V","V","","V","V","V","","","","",""
"596","DODGE","CHRYSLER LX","","11+","Z-05","V","","","","V","V","","V","V","V","","","","",""
"597","DODGE","DART","","13+","Z-06","","","","V","","","","","","","V","","","",""
"598","DODGE","VIPER (85.5)","","96-08","Z-07","","","","","","","","","","","V","","","",""
"599","LOTUS","ELISE / EXIGE","S2","02+","ZA-01","","","","","","","","","","","V","","","",""
"600","PONTIAC","SOLSTICE","","06+","ZB-01","","","","","","","","V","V","V","","","","",""
"601","PONTIAC","GTO","","04-06","ZB-02","","","","V","","","","","","","V","","","","V"
"602","PONTIAC","G8 (sedan,wagon,ute)","","08-09","ZB-03","","","","","","","","","","","V","","","","V"
"603","ISUZU","D-MAX","","02-10","ZD-01","","V","","","","","","","","","","","","",""
"604","HAFEI","SAIMA","","08+","ZE-01","V","","","","","","","","","","","","","",""
"605","DAIHATSU","COO","","06+","ZF-01","","","","","","","V","","","","","","","",""
"606","DAIHATSU","SIRION","QNC20","04+","ZF-02","","","","","","","V","","","","","","","",""
"607","DAIHATSU","SIRION","M112S","98-04","ZF-03","","","","","","","V","","","","","","","",""
"608","DAIHATSU","COPEN","","02+","ZF-04","","","","","","V","V","","","","","","","",""
"609","DAIHATSU","YRV","M201G","00-05","ZF-05","","","","","","","V","","","","","","","",""
"610","DAIHATSU","MOVE","L175S","06-10","ZF-06","","","","","","V","","","","","","","","",""
"611","DAIHATSU","MIRA GINO","L700S","99-04","ZF-07","","","","","","","V","","","","","","","",""
"612","VOLVO","S60","P2","00-09","ZG-01","","","","","","V","V","","V","","","","","",""
"613","VOLVO","V70 FWD","","99-07","ZG-01","","","","","","V","V","","","","","","","",""
"614","VOLVO","S40/V40","","95-04","ZG-02","V","","","","V","V","","","V","V","","V","","",""
"615","VOLVO","S40/V50 FWD","P11","04+","ZG-03","","","","","","V","V","","V","","","V","","",""
"616","VOLVO","S70","","98-00","ZG-04","","","","","","V","V","","V","","","","","",""
"617","VOLVO","C30","P14","06+","ZG-05","","","","","","V","V","","V","","","","","",""
"618","VOLVO","V70 FWD","P2","99-07","ZG-06","","","","","","V","V","","V","","","","","",""
"619","VOLVO","V70","Y20","08+","ZG-07","","","V","","","","","","","","V","","","",""
"620","VOLVO","S60-V70 AWD","P2","01-07","ZG-08","","","","","","V","V","","V","","","","","",""
"621","VOLVO","740/940 EXC.IRS (RWD)","","91-98","ZG-09","","","","","","","","","V","","","","","",""
"622","BUICK","EXCELLE","","03+","ZH-01","","","V","","","","","","","","","","","",""
"623","BUICK","NEW REGAL","","09+","ZH-02","","","V","","","","","","","","","","","",""
"624","PORTON","Putra/Coupe","M21","97-02","ZK-01","","","","","V","V","V","","V","V","","V","","",""
"625","PORTON","Satria Neo","","06+","ZK-02","V","","","","V","V","","","V","V","","V","","",""
"626","PORTON","Waja/Gen 2","DE3A","00+","ZK-03","V","","","","V","V","","","V","V","","V","","",""
"627","PORTON","SATRIA","","95-05","ZK-04","","","","","","V","V","","","","","","","",""
"628","PORTON","INSPIRA","","10+","ZK-07","","","","V","","","","","","","","","","",""
"629","ROEWE","ROEWE 550","","08+","ZL-01","","","","","","","V","","","","","","","",""
"630","JEEP","CHEROKEE SRT8 AWD","WK","05-10","ZM-01","","","","","","","","V","","","","","","",""
"631","CADILLAC","CTS (SIGMA II)","","08+","ZN-01","","","","V","","","","","","","V","","","",""
"632","CADILLAC","CTS (SIGMA I)","","03-07","ZN-03","","","","V","","","","","","","V","","","",""
"633","FIAT","COUPE","FA/175","93-00","Z0-01","","","","","","","","","V","","","","","",""
"634","FIAT","GRANDE PUNTO","SCCS","05+","Z0-02","","","","V","","","","","","","V","","","",""
"635","FIAT","500 (USA)","","07+","Z0-03","","","","V","","","","","","","V","","","",""
"636","FIAT","500 (EURO)","","07+","Z0-04","","","","V","","","","","","","V","","","",""
"637","BYD","FO","","09+","ZP-01","","","","V","","","","","","","","","","",""
"638","ALFA ROMEO","147","937","00+","ZR-01","","V","","","","","","V","","","","","","",""
"639","ALFA ROMEO","156","932","00+","ZR-02","","V","","","","","","V","","","","","","",""
"640","LUXGEN","LUXGEN 7 SUV","","2010+","ZS-01","","","","","","","V","","","","","","","",""
"641","LUXGEN","LUXGEN 5 SEDAN M+","","12+","ZS-02","","","","","","","V","","","","","","","",""
"642","SMART","FORFOUR","","04-06","ZT-01","","","","","","V","V","","V","","","","","",""
"643","LADA","PRIORA","","07+","ZU-01","","","","","","","","","V","","","","","",""
"644","GREAT WALL","VOLEEX V80","","10+","ZV-01","","","","","","","V","","","","","","","",""
"645","HOLDEN","Commodore","VE","06-13","ZW-01","","","","","","","","","","","V","","","",""
"646","HOLDEN","Commodore Sedan","VT-VZ","97-06","ZW-02","","","","","","","","","","","V","","","",""
"647","HOLDEN","Commodore Wagon/Ute","VT-VZ","97-06","ZW-03","","","","","","","","","","","V","","","",""
"648","HOLDEN","Commodore","VF","14+","ZW-04","","","","","","","","","","","V","","","",""
