"838","ABARTH","500","","1.4 16V Turbo T-Jet","135","08&gt;","4","1.4","312 A1.000","","","Y",\N
"839","ABARTH","500","","1.4 16V Turbo T-Jet 595","160","11&gt;","4","1.4","","","","Y",\N
"840","ABARTH","500","","1.4 16V Turbo T-Jet 695 FERRARI","180","11&gt;","4","1.4","","","","Y",\N
"841","ABARTH","GRANDE PUNTO","","1.4 Turbo T-Jet Kit Esseesse","155","07&gt;","0","1.4","","","<a href=\"/cgi-bin/Images/CDA/PUNTO ABARTH.JPG\" rel=\"prettyPhoto\">DETAILS</a>","Y",\N
"842","ABARTH","GRANDE PUNTO","","1.4 Turbo T-Jet Kit Esseesse","180","07&gt;","0","1.4","","","<a href=\"/cgi-bin/Images/CDA/PUNTO ABARTH.JPG\" rel=\"prettyPhoto\">DETAILS</a>","Y",\N
"843","ABARTH","PUNTO EVO","","1.4 Turbo Multiair","163","09&gt;","0","1.4","","","&nbsp;","Y",\N
"844","ALFA ROMEO","ALFA 147","","1.9 JTD","101","03&gt;","0","1.9","","","&nbsp;","Y",\N
"845","ALFA ROMEO","ALFA 147","","1.9 JTD","115","00&gt;","0","1.9","","","&nbsp;","Y",\N
"846","ALFA ROMEO","ALFA 147","","2.0 TS 16V","150","00&gt;08","4","2","","","<a href=\"/cgi-bin/Images/CDA/01F-Alfa_147_2.0_TS_16V.JPG\" rel=\"prettyPhoto\">DETAILS</a>","Y",\N
"847","ALFA ROMEO","ALFA 147","","2.0 TS 16V Selespeed","150","00&gt;08","4","2","","","<a href=\"/cgi-bin/Images/CDA/01H-Alfa_147Selespeed.jpg\" rel=\"prettyPhoto\">DETAILS</a>","Y",\N
"848","ALFA ROMEO","ALFA 147","","3.2 V6 GTA","250","03&gt;","6","3.2","","","<a href=\"/cgi-bin/Images/CDA/01G-Alfa_147_GTA.JPG\" rel=\"prettyPhoto\">DETAILS</a>","Y",\N
"849","ALFA ROMEO","ALFA 156","","1.6 TS 16V","120","97&gt;05","4","1.6","","","&nbsp;","Y",\N
"850","ALFA ROMEO","ALFA 156","","1.6 TS Sportwagon","120","00&gt;03","0","1.6","","","&nbsp;","Y",\N
"851","ALFA ROMEO","ALFA 156","","1.8 TS 16V","140","00&gt;05","4","1.8","","","<a href=\"/cgi-bin/Images/CDA/01D-Alfa_156_1.8_TS_16V.JPG\" rel=\"prettyPhoto\">DETAILS</a>","Y",\N
"852","ALFA ROMEO","ALFA 156","","1.8 TS 16V","144","97&gt;00","4","1.8","","","&nbsp;","Y",\N
"853","ALFA ROMEO","ALFA 156","","1.8 TS Sportwagon","140","00&gt;06","0","1.8","","","<a href=\"/cgi-bin/Images/CDA/01D-Alfa_156_1.8_TS_16V.JPG\" rel=\"prettyPhoto\">DETAILS</a>","Y",\N
"854","ALFA ROMEO","ALFA 156","","1.9 JTD","105","97&gt;00","0","1.9","","","<a href=\"/cgi-bin/Images/CDA/01C-Alfa_156_1.9_jtd.jpg\" rel=\"prettyPhoto\">DETAILS</a>","Y",\N
"855","ALFA ROMEO","ALFA 156","","1.9 JTD","115","01&gt;05","0","1.9","","","<a href=\"/cgi-bin/Images/CDA/01C-Alfa_156_1.9_jtd.jpg\" rel=\"prettyPhoto\">DETAILS</a>","Y",\N
"856","ALFA ROMEO","ALFA 156","","1.9 JTD Sportwagon","105","97&gt;00","0","1.9","","","<a href=\"/cgi-bin/Images/CDA/01C-Alfa_156_1.9_jtd.jpg\" rel=\"prettyPhoto\">DETAILS</a>","Y",\N
"857","ALFA ROMEO","ALFA 156","","1.9 JTD Sportwagon","115","01&gt;06","0","1.9","","","<a href=\"/cgi-bin/Images/CDA/01C-Alfa_156_1.9_jtd.jpg\" rel=\"prettyPhoto\">DETAILS</a>","Y",\N
"858","ALFA ROMEO","ALFA 156","","2.0 TS 16V","150","97&gt;03","4","2","","","&nbsp;","Y",\N
"859","ALFA ROMEO","ALFA 156","","2.0 TS 16V Selespeed","155","99&gt;03","4","2","","","&nbsp;","Y",\N
"860","ALFA ROMEO","ALFA 156","","2.0 TS Sportwagon","155","00&gt;03","0","2","","","&nbsp;","Y",\N
"861","ALFA ROMEO","ALFA 156","","2.4 JTD","136","97&gt;00","0","2.4","","","&nbsp;","Y",\N
"862","ALFA ROMEO","ALFA 156","","2.4 JTD","140","97&gt;00","0","2.4","","","&nbsp;","Y",\N
"863","ALFA ROMEO","ALFA 156","","2.5 V6 24V","190","97&gt;03","6","2.5","","","&nbsp;","Y",\N
"864","ALFA ROMEO","ALFA 156","","2.5 V6 24V Sportwagon","190","00&gt;03","6","2.5","","","&nbsp;","Y",\N
"865","ALFA ROMEO","ALFA 156","","3.2 V6 GTA","250","02&gt;05","6","3.2","","","&nbsp;","Y",\N
"866","ALFA ROMEO","ALFA 156","","3.2 V6 GTA Sportwagon","250","02&gt;06","6","3.2","","","&nbsp;","Y",\N
"867","ALFA ROMEO","ALFA 166","","2.0 TS 16V","150","98&gt;07","4","2","","","&nbsp;","Y",\N
"868","ALFA ROMEO","ALFA 166","","2.4 JTD","136","98&gt;07","0","2.4","","","&nbsp;","Y",\N
"869","ALFA ROMEO","GT","","2.0 JTS","165","04&gt;08","0","2","","","&nbsp;","Y",\N
"870","ALFA ROMEO","GTV (916C)","","2.0 TS 16V","150","03&gt;","4","2","","","&nbsp;","Y",\N
"871","ALFA ROMEO","GTV (916C)","","3.0 V6 24V","220","95&gt;03","6","3","","","&nbsp;","Y",\N
"872","AUDI","80 IV (B4)","","2.8 / Quattro","174","91&gt;94","0","2.8","","","&nbsp;","Y",\N
"873","AUDI","A1","8X1","1.6 TDI","90","10&gt;","0","1.6","CAYB&#44; CAYC","Flat","","Y",\N
"874","AUDI","A1","8X1","1.6 TDI","105","10&gt;","0","1.6","CAYB&#44; CAYC","Flat","","Y",\N
"875","AUDI","A1","","2.0 TFSI","256","2013","0","2","","Flat","","Y",\N
"876","AUDI","A3 I","","1.8","125","96&gt;03","0","1.8","","","&nbsp;","Y",\N
"877","AUDI","A3 I","","1.8 T / Quattro","150","96&gt;03","0","1.8","","","<a href=\"/cgi-bin/Images/CDA/02A-Audi_A3_1.8_Turbo.jpg\" rel=\"prettyPhoto\">DETAILS</a>","Y",\N
"878","AUDI","A3 I","","1.8 T / Quattro","180","96&gt;03","0","1.8","","","<a href=\"/cgi-bin/Images/CDA/02A-Audi_A3_1.8_Turbo.jpg\" rel=\"prettyPhoto\">DETAILS</a>","Y",\N
"879","AUDI","A3 I","","1.9 TDI","110","96&gt;01","0","1.9","","","&nbsp;","Y",\N
"880","AUDI","A3 I","","1.9 TDI","115","96&gt;03","0","1.9","","","&nbsp;","Y",\N
"881","AUDI","A3 I","","1.9 TDI","90","96&gt;01","0","1.9","","","&nbsp;","Y",\N
"882","AUDI","A3 I","","1.9 TDI Quattro","130","96&gt;03","0","1.9","","","&nbsp;","Y",\N
"883","AUDI","A3 II","","1.6","102","03&gt;","0","1.6","","","&nbsp;","Y",\N
"884","AUDI","A3 II","","2.0 16V TDI / Quattro","140","03&gt;","4","2","","","&nbsp;","Y",\N
"885","AUDI","A3 II","","2.0 FSI","150","03&gt;","0","2","","","&nbsp;","Y",\N
"886","AUDI","A3 II","","2.0 TDI / Quattro","136","03&gt;","0","2","","","&nbsp;","Y",\N
"887","AUDI","A3 II","","2.0 TDI / Quattro","140","05&gt;","0","2","","","&nbsp;","Y",\N
"888","AUDI","A3 II","","2.0 TDI / Quattro","170","06&gt;","0","2","","","&nbsp;","Y",\N
"889","AUDI","A3 II","","2.0 TDI","163","05&gt;","0","2","","","&nbsp;","Y",\N
"890","AUDI","A3 II","","2.0 TFSI [ENGINE BWA&#44;BPY]","200","04&gt;","0","2","","","&nbsp;","Y",\N
"891","AUDI","A3 II","","2.0 TFSI [ENGINE CCZA]","200","04&gt;","0","2","","","&nbsp;","Y",\N
"892","AUDI","A3 II SPORTBACK","","1.6","102","04&gt;","0","1.6","","","&nbsp;","Y",\N
"893","AUDI","A3 II SPORTBACK","","2.0 16V TDI / Quattro","140","03&gt;","4","2","","","&nbsp;","Y",\N
"894","AUDI","A3 II SPORTBACK","","2.0 TDI / Quattro","136","03&gt;","0","2","","","&nbsp;","Y",\N
"895","AUDI","A3 II SPORTBACK","","2.0 TDI / Quattro","140","05&gt;","0","2","","","&nbsp;","Y",\N
"896","AUDI","A3 II SPORTBACK","","2.0 TDI / Quattro","170","06&gt;","0","2","","","&nbsp;","Y",\N
"897","AUDI","A3 II SPORTBACK","","2.0 TDI","163","05&gt;","0","2","","","&nbsp;","Y",\N
"898","AUDI","A3 III / CABRIO","","2.0 TFSI (S3)","280","13&gt;","0","2","","Flat","","Y",\N
"899","AUDI","A3 III / CABRIO","","2.0 TFSI (S3)","300","12&gt;","0","2","","Flat","","Y",\N
"900","AUDI","A4 I (B5) / AVANT","","1.8 / Quattro","125","95&gt;00","0","1.8","","","&nbsp;","Y",\N
"901","AUDI","A4 I (B5) / AVANT","","1.8 T / Quattro","180","97&gt;00","0","1.8","","","&nbsp;","Y",\N
"902","AUDI","A4 I (B5) / AVANT","","1.9 TDI / Quattro","110","95&gt;00","0","1.9","","","&nbsp;","Y",\N
"903","AUDI","A4 I (B5) / AVANT","","1.9 TDI","75","95&gt;00","0","1.9","","","&nbsp;","Y",\N
"904","AUDI","A4 I (B5) / AVANT","","1.9 TDI","90","95&gt;00","0","1.9","","","&nbsp;","Y",\N
"905","AUDI","A4 I (B5) / AVANT","","2.5 TDI V6 / Quattro","150","97&gt;00","6","2.5","","","&nbsp;","Y",\N
"906","AUDI","A4 II (B6) / AVANT","","2.5 TDI V6 / Cabriolet","163","02&gt;04","6","2.5","","","&nbsp;","Y",\N
"907","AUDI","A4 II (B6) / AVANT","","2.5 TDI V6","155","00&gt;02","6","2.5","","","&nbsp;","Y",\N
"908","AUDI","A4 II (B6) / AVANT","","2.5 TDI V6 Quattro","180","00&gt;04","6","2.5","","","&nbsp;","Y",\N
"909","AUDI","A4 II (B7) / AVANT","","2.5 TDI V6","163","05&gt;06","6","2.5","","","&nbsp;","Y",\N
"910","AUDI","A4 III (8K) / AVANT","","/cda-carbon-dynamic-airbox/accdasp-54_d1212_2.aspx","0","","0",\N,"","","&nbsp;","Y",\N
"911","AUDI","A5 / CABRIO / SPORTBACK","","/cda-carbon-dynamic-airbox/accdasp-54_d1212_2.aspx","0","","0",\N,"","","&nbsp;","Y",\N
"912","AUDI","A6 II (C5) / AVANT","","1.8 T / Quattro","150","97&gt;05","0","1.8","","","&nbsp;","Y",\N
"913","AUDI","A6 II (C5) / AVANT","","1.8 T / Quattro","180","97&gt;05","0","1.8","","","&nbsp;","Y",\N
"914","AUDI","A6 II (C5) / AVANT","","2.5 TDI V6 / Quattro","150","97&gt;05","6","2.5","","","<a href=\"/cgi-bin/Images/CDA/02E-Audi_A 6_2.5_tdi.jpg\" rel=\"prettyPhoto\">DETAILS</a>","Y",\N
"915","AUDI","A6 II (C5) / AVANT","","2.5 TDI V6 / Quattro","180","00&gt;05","6","2.5","","","<a href=\"/cgi-bin/Images/CDA/02E-Audi_A 6_2.5_tdi.jpg\" rel=\"prettyPhoto\">DETAILS</a>","Y",\N
"916","AUDI","A6 II (C5) / AVANT","","2.5 TDI V6","155","01&gt;05","6","2.5","","","<a href=\"/cgi-bin/Images/CDA/02E-Audi_A 6_2.5_tdi.jpg\" rel=\"prettyPhoto\">DETAILS</a>","Y",\N
"917","AUDI","A6 II (C5) / AVANT","","2.5 TDI V6","163","02&gt;05","6","2.5","","","<a href=\"/cgi-bin/Images/CDA/02E-Audi_A 6_2.5_tdi.jpg\" rel=\"prettyPhoto\">DETAILS</a>","Y",\N
"918","AUDI","Q5","","3.0 TDI quattro 240HP 2008&gt;20","0","12","0","3","","","<a href=\"/cgi-bin/images/cda/accdasp54_1.JPG\" rel=\"prettyPhoto\">DETAILS</a>","Y",\N
"919","AUDI","R8","42","4.2 V8 quattro","420","07&gt;","8","4.2","BYH","Cylindrical","","Y",\N
"920","AUDI","R8","","4.2 V8 quattro","420","07&gt;","8","4.2","BYH","Flat","","Y",\N
"921","AUDI","R8","42","4.2 V8 quattro","430","10&gt;","8","4.2","CNDA","Cylindrical","","Y",\N
"922","AUDI","R8","","5.2 V10 quattro / r-tronic","525","09&gt;","10","5.2","BUJ","Flat","","Y",\N
"923","AUDI","R8","42","5.2 V10 quattro / r-tronic","525","09&gt;","10","5.2","BUJ","","","Y",\N
"924","AUDI","R8","42","5.2 V10 quattro r-tronic GT","560","10&gt;","10","5.2","CMPA","","","Y",\N
"925","AUDI","R8","","5.2 V10 quattro r-tronic GT","560","10&gt;","10","5.2","CMPA","Flat","","Y",\N
"926","AUDI","R8 SPYDER","","4.2 V8 quattro","430","10&gt;","8","4.2","CNDA","Cylindrical","","Y",\N
"927","AUDI","R8 SPYDER","","5.2 V10 quattro / r-tronic","525","09&gt;","10","5.2","BUJ","","","Y",\N
"928","AUDI","RS4 I","","2.7 Biturbo","380","00&gt;01","0","2.7","","","<a href=\"/cgi-bin/Images/CDA/02D-Audi_ 2.7_RS4.jpg\" rel=\"prettyPhoto\">DETAILS</a>","Y",\N
"929","AUDI","S2","","2.2 Turbo","230","93&gt;95","0","2.2","","","&nbsp;","Y",\N
"930","AUDI","S3 I","","1.8 Turbo","225","99&gt;03","0","1.8","","","<a href=\"/cgi-bin/Images/CDA/02C-Audi_S3_1.8_Turbo.jpg\" rel=\"prettyPhoto\">DETAILS</a>","Y",\N
"931","AUDI","S3 II","8PCDLF","2.0 16 TFSI","265","06&gt;","0","2","CDLA&#44; CDLC","Flat","","Y",\N
"932","AUDI","S3 II","","2.0 16V TFSI","256","07&gt;","4","2","","","&nbsp;","Y",\N
"933","AUDI","S3 II","","2.0 16V TFSI","265","06&gt;","4","2","","","&nbsp;","Y",\N
"934","AUDI","S4","","2.7 Biturbo","265","97&gt;02","0","2.7","","","&nbsp;","Y",\N
"935","AUDI","TT I / ROADSTER","","1.8 T / Quattro","180","98&gt;06","0","1.8","","","<a href=\"/cgi-bin/Images/CDA/02G-Audi_TT_180hp.jpg\" rel=\"prettyPhoto\">DETAILS</a>","Y",\N
"936","AUDI","TT I / ROADSTER","","1.8 T","150","02&gt;06","0","1.8","","","&nbsp;","Y",\N
"937","AUDI","TT I / ROADSTER","","1.8 T Quattro","224","98&gt;06","0","1.8","","","<a href=\"/cgi-bin/Images/CDA/02F-Audi_TT_225hp.jpg\" rel=\"prettyPhoto\">DETAILS</a>","Y",\N
"938","AUDI","TT I / ROADSTER","","3.2 VR6","250","03&gt;06","0","3.2","","","&nbsp;","Y",\N
"939","AUDI","TT II / ROADSTER","8JCCZF","2.0 TFSI","200","06&gt;","0","2","CCZ","Flat","","Y",\N
"940","AUDI","TT II / ROADSTER","","2.0 TFSI [BWA&#44; BPY engine]","200","06&gt;","0","2","","","<a href=\"/cgi-bin/Images/CDA/02L-Audi_TT_II_2.0_ TFSI.JPG\" rel=\"prettyPhoto\">DETAILS</a>","Y",\N
"941","BMW","1 Series COUPE'","E82","1M Coupè","340","11&gt;12","0",\N,"N54B30","Flat","","Y",\N
"942","BMW","3 Series (E36)","","318 Is 1.8","140","92&gt;96","0","1.8","","","&nbsp;","Y",\N
"943","BMW","3 Series (E36)","","320 i 2.0","150","90&gt;99","0","2","","","&nbsp;","Y",\N
"944","BMW","3 Series (E36)","","328 i / 328 Ci / 328 iS 2.8","193","95&gt;99","0","2.8","","","<a href=\"/cgi-bin/Images/CDA/03M-BMW_328_E 36.jpg\" rel=\"prettyPhoto\">DETAILS</a>","Y",\N
"945","BMW","3 Series (E36)","","M3 2.8 i / 3.0 i / 3.2 i","286","92&gt;00","0","2.8","","","<a href=\"/cgi-bin/Images/CDA/03H-BMW_M3_3.2E36.JPG\" rel=\"prettyPhoto\">DETAILS</a>","Y",\N
"946","BMW","3 Series (E36)","","M3 2.8 i / 3.0 i / 3.2 i","295","92&gt;00","0","2.8","","","<a href=\"/cgi-bin/Images/CDA/03H-BMW_M3_3.2E36.JPG\" rel=\"prettyPhoto\">DETAILS</a>","Y",\N
"947","BMW","3 Series (E36)","","M3 2.8 i / 3.0 i / 3.2 i","321","92&gt;00","0","2.8","","","<a href=\"/cgi-bin/Images/CDA/03H-BMW_M3_3.2E36.JPG\" rel=\"prettyPhoto\">DETAILS</a>","Y",\N
"948","BMW","3 Series (E46)","","316 i 1.9","105","98&gt;02","0","1.9","","","&nbsp;","Y",\N
"949","BMW","3 Series (E46)","","318 i/Ci 1.9","118","98&gt;01","0","1.9","","","&nbsp;","Y",\N
"950","BMW","3 Series (E46)","","320 i 2.0 150HP 98&gt;","0","00","0","2","","","&nbsp;","Y",\N
"951","BMW","3 Series (E46)","","320 i/Ci 2.2","170","01&gt;07","0","2.2","","","<a href=\"/cgi-bin/Images/CDA/03I-BMW_320_E46.jpg\" rel=\"prettyPhoto\">DETAILS</a>","Y",\N
"952","BMW","3 Series (E46)","","323 i/Ci 2.5","170","98&gt;00","0","2.5","","","&nbsp;","Y",\N
"953","BMW","3 Series (E46)","","325 i/Xi/Ci/Ti 2.5","192","00&gt;07","0","2.5","","","&nbsp;","Y",\N
"954","BMW","3 Series (E46)","","328 i/Ci 2.8","193","98&gt;00","0","2.8","","","<a href=\"/cgi-bin/Images/CDA/03B-BMW_328.jpg\" rel=\"prettyPhoto\">DETAILS</a>","Y",\N
"955","BMW","3 Series (E46)","","330 i/Xi/Ci 3.0","231","00&gt;07","0","3","","","<a href=\"/cgi-bin/Images/CDA/03P-BMW_330_CI_E46.JPG\" rel=\"prettyPhoto\">DETAILS</a>","Y",\N
"956","BMW","3 Series (E46)","","M3 3.2","343","00&gt;07","0","3.2","","","<a href=\"/cgi-bin/Images/CDA/03O-BMW_M3_E46.jpg\" rel=\"prettyPhoto\">DETAILS</a>","Y",\N
"957","BMW","3 Series (E90)","","320 D","184","10&gt;","0",\N,"N47D20C","Flat","","Y",\N
"958","BMW","3 Series CABRIOLET (E93)","","320 D","184","10&gt;","0",\N,"N47D20C","Flat","","Y",\N
"959","BMW","3 Series COUPE' (E92)","","320 D","184","10&gt;","0",\N,"N47D20C","Flat","","Y",\N
"960","BMW","3 Series TOURING (E91)","","320 D","184","10&gt;","0",\N,"N47D20C","Flat","","Y",\N
"961","BMW","5 Series (E39)","","528 i","193","95&gt;99","0",\N,"","","&nbsp;","Y",\N
"962","BMW","5 Series (E39)","","528 i","193","99&gt;01","0",\N,"","","&nbsp;","Y",\N
"963","BMW","7 Series (E38)","","750 ii/iL V12 [2 Filters Required]","326","95&gt;97","12",\N,"","","<a href=\"/cgi-bin/Images/CDA/03Q-BMW_750IL_E38.JPG\" rel=\"prettyPhoto\">DETAILS</a>","Y",\N
"964","BMW","7 Series (E38)","","750 ii/iL V12 [2 Filters Required]","326","98&gt;01","12",\N,"","","&nbsp;","Y",\N
"965","BMW","X 5 (E53)","","30 i","231","00&gt;","0",\N,"","","<a href=\"/cgi-bin/Images/CDA/03G-BMW_X 5_3.0i.jpg\" rel=\"prettyPhoto\">DETAILS</a>","Y",\N
"966","BMW","Z 3 ROADSTER (E36/7)","","1.8 i","115","95&gt;98","0","1.8","","","<a href=\"/cgi-bin/Images/CDA/03E-BMW_Z3_1.8.jpg\" rel=\"prettyPhoto\">DETAILS</a>","Y",\N
"967","BMW","Z 3 ROADSTER (E36/7)","","2.8 i","193","97&gt;00","0","2.8","","","<a href=\"/cgi-bin/Images/CDA/03N-BMW_Z3_2.8.jpg\" rel=\"prettyPhoto\">DETAILS</a>","Y",\N
"968","BMW","Z 3 ROADSTER (E36/7)","","3.0 i","231","00&gt;03","0","3","","","<a href=\"/cgi-bin/Images/CDA/03F-BMW_Z3_3.0.jpg\" rel=\"prettyPhoto\">DETAILS</a>","Y",\N
"969","BMW","Z 4 ROADSTER (E85)","","3.0 i","231","02&gt;05","0","3","","","<a href=\"/cgi-bin/Images/CDA/03L-BMW_Z 4_3.0.jpg\" rel=\"prettyPhoto\">DETAILS</a>","Y",\N
"970","CHEVROLET","ASTRA II","","2.0 DTI 16V","101","98&gt;05","4","2","","","&nbsp;","Y",\N
"971","CHEVROLET","NABIRA","","1.8 16V","116","99&gt;01","4","1.8","","","&nbsp;","Y",\N
"972","CHEVROLET","NABIRA","","2.2 16V DTI","125","02&gt;05","4","2.2","","","&nbsp;","Y",\N
"973","CHEVROLET","ZAFIRA I","","1.8 16V","116","99&gt;01","4","1.8","","","&nbsp;","Y",\N
"974","CHEVROLET","ZAFIRA I","","2.2 16V DTI","125","02&gt;05","4","2.2","","","&nbsp;","Y",\N
"975","CHRYSLER","PT CRUISER","","2.2 CRD","121","01&gt;10","0","2.2","","","<a href=\"/cgi-bin/Images/CDA/23B-ChryslerPTCruiserCRD.jpg\" rel=\"prettyPhoto\">DETAILS</a>","Y",\N
"976","CITRO&#203;N","C1","","1.4 HDI","54","05&gt;","0","1.4","","","&nbsp;","Y",\N
"977","CITRO&#203;N","C2","","1.6 16V VTS","122","05&gt;","4","1.6","","","&nbsp;","Y",\N
"978","CITRO&#203;N","C2","","1.6 VTR","109","03&gt;","0","1.6","","","<a href=\"/cgi-bin/Images/CDA/04F Citroën C2 1.6 VTR VTS.jpg\" rel=\"prettyPhoto\">DETAILS</a>","Y",\N
"979","CITRO&#203;N","C3 I","","1.6 16V","110","02&gt;09","4","1.6","","","<a href=\"/cgi-bin/Images/CDA/04E-Citroen_C3_1.6_16V.JPG\" rel=\"prettyPhoto\">DETAILS</a>","Y",\N
"980","CITRO&#203;N","SAXO","","1.1 i / X / SX","60","96&gt;03","0","1.1","","","&nbsp;","Y",\N
"981","CITRO&#203;N","XSARA / BREAK / COUPÉ","","1.4 i","75","97&gt;05","0","1.4","","","<a href=\"/cgi-bin/Images/CDA/04D-Citroen_Xsara_1.4_VTR.jpg\" rel=\"prettyPhoto\">DETAILS</a>","Y",\N
"982","FERRARI","355","","[2 Filters Required]","380","94&gt;00","0",\N,"","","<a href=\"/cgi-bin/Images/CDA/05B-Ferrari_355.jpg\" rel=\"prettyPhoto\">DETAILS</a>","Y",\N
"983","FERRARI","458 ITALIA","","4.5 V8 VCT","570","10&gt;","8","4.5","","Flat","","Y",\N
"984","FIAT","500 / 500C","","1.4 16V","100","07&gt;","4","1.4","","","<a href=\"/cgi-bin/Images/CDA/500_1.4_100HP 019.jpg\" rel=\"prettyPhoto\">DETAILS</a>","Y",\N
"985","FIAT","BRAVO I","","1.6 16V","103","95&gt;01","4","1.6","","","<a href=\"/cgi-bin/Images/CDA/06H-Fiat Bravo_1.6_16V.jpg\" rel=\"prettyPhoto\">DETAILS</a>","Y",\N
"986","FIAT","BRAVO I","","1.6 16V","90","95&gt;01","4","1.6","","","<a href=\"/cgi-bin/Images/CDA/06H-Fiat Bravo_1.6_16V.jpg\" rel=\"prettyPhoto\">DETAILS</a>","Y",\N
"987","FIAT","BRAVO I","","2.0 20V HGT","147","95&gt;98","0","2","","","<a href=\"/cgi-bin/Images/CDA/06F-Fiat_Bravo_2.0_20V_HGT.jpg\" rel=\"prettyPhoto\">DETAILS</a>","Y",\N
"988","FIAT","BRAVO I","","2.0 20V HGT","155","98&gt;01","0","2","","","<a href=\"/cgi-bin/Images/CDA/06F-Fiat_Bravo_2.0_20V_HGT.jpg\" rel=\"prettyPhoto\">DETAILS</a>","Y",\N
"989","FIAT","COUPE'","","2.0 20 V / Turbo","220","96&gt;00","0","2","","","<a href=\"/cgi-bin/Images/CDA/06L-Fiat_Coupe_2.0_20V.jpg\" rel=\"prettyPhoto\">DETAILS</a>","Y",\N
"990","FIAT","COUPE'","","2.0 20V","147","98&gt;00","0","2","","","<a href=\"/cgi-bin/Images/CDA/06L-Fiat_Coupe_2.0_20V.jpg\" rel=\"prettyPhoto\">DETAILS</a>","Y",\N
"991","FIAT","COUPE'","","2.0 20V","154","96&gt;98","0","2","","","<a href=\"/cgi-bin/Images/CDA/06L-Fiat_Coupe_2.0_20V.jpg\" rel=\"prettyPhoto\">DETAILS</a>","Y",\N
"992","FIAT","GRANDE PUNTO","","1.3 16V Multijet D","69","08&gt;","4","1.3","","","<a href=\"/cgi-bin/Images/CDA/06N-Fiat G Punto 1.3MJ.jpg\" rel=\"prettyPhoto\">DETAILS</a>","Y",\N
"993","FIAT","GRANDE PUNTO","","1.3 16V Multijet D","84","08&gt;","4","1.3","","","<a href=\"/cgi-bin/Images/CDA/06N-Fiat G Punto 1.3MJ.jpg\" rel=\"prettyPhoto\">DETAILS</a>","Y",\N
"994","FIAT","GRANDE PUNTO","","1.3 16V Multijet D","75","05&gt;09","4","1.3","","","<a href=\"/cgi-bin/Images/CDA/06N-Fiat G Punto 1.3MJ.jpg\" rel=\"prettyPhoto\">DETAILS</a>","Y",\N
"995","FIAT","GRANDE PUNTO","","1.3 16V Multijet D","90","05&gt;09","4","1.3","","","<a href=\"/cgi-bin/Images/CDA/06N-Fiat G Punto 1.3MJ.jpg\" rel=\"prettyPhoto\">DETAILS</a>","Y",\N
"996","FIAT","GRANDE PUNTO","","1.4 16V Starjet","95","06&gt;","4","1.4","","","&nbsp;","Y",\N
"997","FIAT","GRANDE PUNTO","","1.4 Turbo T-Jet","120","07&gt;","0","1.4","","","&nbsp;","Y",\N
"998","FIAT","PANDA II (169A)","","1.4 16V","100","06&gt;11","4","1.4","","","&nbsp;","Y",\N
"999","FIAT","PUNTO II (188)","","1.2 16V ELX / HLX","80","99&gt;","4","1.2","","","<a href=\"/cgi-bin/Images/CDA/06C-Fiat_Punto_1.2_16V_S.jpg\" rel=\"prettyPhoto\">DETAILS</a>","Y",\N
"1000","FIAT","PUNTO II (188)","","1.2 16V ELX Speed Gear","80","99&gt;","4","1.2","","","<a href=\"/cgi-bin/Images/CDA/06C-Fiat_Punto_1.2_16V_S.jpg\" rel=\"prettyPhoto\">DETAILS</a>","Y",\N
"1001","FIAT","PUNTO II (188)","","1.2 16V Sporting","80","99&gt;","4","1.2","","","<a href=\"/cgi-bin/Images/CDA/06C-Fiat_Punto_1.2_16V_S.jpg\" rel=\"prettyPhoto\">DETAILS</a>","Y",\N
"1002","FIAT","PUNTO II (188)","","1.2 16V Sporting S. G.","80","99&gt;","4","1.2","","","<a href=\"/cgi-bin/Images/CDA/06C-Fiat_Punto_1.2_16V_S.jpg\" rel=\"prettyPhoto\">DETAILS</a>","Y",\N
"1003","FIAT","PUNTO II (188)","","1.8 16V HGT","130","99&gt;","4","1.8","","","<a href=\"/cgi-bin/Images/CDA/06E-Fiat_Punto_1.8_16V_HGT.jpg\" rel=\"prettyPhoto\">DETAILS</a>","Y",\N
"1004","FIAT","PUNTO II (188)","","1.9 JTD ELX / HLX","80","99&gt;","0","1.9","","","<a href=\"/cgi-bin/Images/CDA/06M-Fiat_Punto_JTD.jpg\" rel=\"prettyPhoto\">DETAILS</a>","Y",\N
"1005","FIAT","PUNTO II (188)","","1.9 JTD ELX / HLX","86","99&gt;","0","1.9","","","<a href=\"/cgi-bin/Images/CDA/06M-Fiat_Punto_JTD.jpg\" rel=\"prettyPhoto\">DETAILS</a>","Y",\N
"1006","FIAT","PUNTO II (188)","","1.9 JTD HGT","101","99&gt;","0","1.9","","","&nbsp;","Y",\N
"1007","FIAT","STILO","","1.6 16V","103","01&gt;07","4","1.6","","","&nbsp;","Y",\N
"1008","FIAT","STILO","","2.4 20V 5 Cyl. Abarth","170","01&gt;10","5","2.4","","","&nbsp;","Y",\N
"1009","FORD","ESCORT","","RS 1.6i / Turbo","115","82&gt;90","0","1.6","","","&nbsp;","Y",\N
"1010","FORD","ESCORT","","RS 1.6i / Turbo","132","82&gt;90","0","1.6","","","&nbsp;","Y",\N
"1011","FORD","ESCORT","","RS COSWORTH","220","92&gt;98","0",\N,"","","<a href=\"/cgi-bin/Images/CDA/27C-Ford Escort Cosworth.jpg\" rel=\"prettyPhoto\">DETAILS</a>","Y",\N
"1012","FORD","FALCON FG (SEDAN, CAB CHASSIS, UTILITY, SW)","","4.0 TURBO F6","0","09&gt;","0","4","","","&nbsp;","Y",\N
"1013","FORD","FALCON FG (SEDAN, CAB CHASSIS, UTILITY, SW)","","4.0 TURBO F6X","0","09&gt;","0","4","","","&nbsp;","Y",\N
"1014","FORD","FALCON FG (SEDAN, CAB CHASSIS, UTILITY, SW)","","4.0 TURBO G6E","0","09&gt;","0","4","","","&nbsp;","Y",\N
"1015","FORD","FALCON FG (SEDAN, CAB CHASSIS, UTILITY, SW)","","4.0 TURBO XR6","0","09&gt;","0","4","","","&nbsp;","Y",\N
"1016","FORD","FALCON FG (SEDAN, CAB CHASSIS, UTILITY, SW)","","4.0Gi","0","09&gt;","0","4","","","&nbsp;","Y",\N
"1017","FORD","FALCON FG (SEDAN, CAB CHASSIS, UTILITY, SW)","","4.0Gi R6","0","09&gt;","0","4","","","&nbsp;","Y",\N
"1018","FORD","FALCON FG (SEDAN, CAB CHASSIS, UTILITY, SW)","","4.0i","0","09&gt;","0","4","","","&nbsp;","Y",\N
"1019","FORD","FALCON FG (SEDAN, CAB CHASSIS, UTILITY, SW)","","4.0i G6","0","09&gt;","0","4","","","&nbsp;","Y",\N
"1020","FORD","FALCON FG (SEDAN, CAB CHASSIS, UTILITY, SW)","","4.0i G6E","0","09&gt;","0","4","","","&nbsp;","Y",\N
"1021","FORD","FALCON FG (SEDAN, CAB CHASSIS, UTILITY, SW)","","4.0i R6","0","09&gt;","0","4","","","&nbsp;","Y",\N
"1022","FORD","FALCON FG (SEDAN, CAB CHASSIS, UTILITY, SW)","","4.0i XR6","0","09&gt;","0","4","","","&nbsp;","Y",\N
"1023","FORD","FALCON FG (SEDAN, CAB CHASSIS, UTILITY, SW)","","4.0i XT","0","09&gt;","0","4","","","&nbsp;","Y",\N
"1024","FORD","FALCON FG (SEDAN, CAB CHASSIS, UTILITY, SW)","","4.0i XT BF MK III","0","09&gt;","0","4","","","&nbsp;","Y",\N
"1025","FORD","FALCON FG (SEDAN, CAB CHASSIS, UTILITY, SW)","","5.4i GT / GT-e / GT-p","0","09&gt;","0","5.4","","","&nbsp;","Y",\N
"1026","FORD","FALCON FG (SEDAN, CAB CHASSIS, UTILITY, SW)","","5.4i XR8","0","09&gt;","0","5.4","","","&nbsp;","Y",\N
"1027","FORD","FIESTA IV","","1.4 16V","90","96&gt;02","4","1.4","","","<a href=\"/cgi-bin/Images/CDA/27D-Ford_Fiesta_1.4_16V.JPG\" rel=\"prettyPhoto\">DETAILS</a>","Y",\N
"1028","FORD","FIESTA V","","1.4 16V Zetec SE","102","05&gt;08","4","1.4","","","&nbsp;","Y",\N
"1029","FORD","FIESTA V","","1.4 16V","80","02&gt;08","4","1.4","","","&nbsp;","Y",\N
"1030","FORD","FIESTA V","","1.6 16V","100","02&gt;08","4","1.6","","","&nbsp;","Y",\N
"1031","FORD","FIESTA V","","2.0 16V ST","150","05&gt;08","4","2","","","<a href=\"/cgi-bin/Images/CDA/27E-Ford_Fiesta_2.0STp.jpg\" rel=\"prettyPhoto\">DETAILS</a>","Y",\N
"1032","FORD","FOCUS II / CABRIOLET / WAGON","","RS 2.5 T","305","09&gt;","0","2.5","","","","Y",\N
"1033","FORD","FOCUS II / CABRIOLET / WAGON","","2.0 TDCi","136","05&gt;07","0","2","","","<a href=\"/cgi-bin/Images/CDA/27E-Ford_Focus II_2.0_TDCi.JPG\" rel=\"prettyPhoto\">DETAILS</a>","Y",\N
"1034","FORD","FOCUS II / CABRIOLET / WAGON","","2.5T ST","225","05&gt;","0","2.5","","","&nbsp;","Y",\N
"1035","FORD","FOCUS II / CABRIOLET / WAGON","","XR5 2.5T","225","06&gt;","0","2.5","","","&nbsp;","Y",\N
"1036","FORD","MUSTANG GT","","4.6 V8","300","05&gt;09","8","4.6","","","&nbsp;","Y",\N
"1037","FORD","PUMA","","1.4 i","90","97&gt;00","0","1.4","","","&nbsp;","Y",\N
"1038","HOLDEN","COMMODORE VE","","3.6","180","06&gt;","0","3.6","","","&nbsp;","Y",\N
"1039","HOLDEN","COMMODORE VE","","3.6","195","06&gt;","0","3.6","","","&nbsp;","Y",\N
"1040","HOLDEN","COMMODORE VE","","6.0","270","06&gt;","0","6","","","&nbsp;","Y",\N
"1041","HOLDEN","COMMODORE VG","","V6","0","86&gt;97","6",\N,"","","&nbsp;","Y",\N
"1042","HOLDEN","COMMODORE VG","","V8 UTE","0","86&gt;97","8",\N,"","","&nbsp;","Y",\N
"1043","HOLDEN","COMMODORE VL","","3.0 EFI","153","86&gt;97","0","3","","","&nbsp;","Y",\N
"1044","HOLDEN","COMMODORE VN","","3.8 V6","168","88&gt;91","6","3.8","","","&nbsp;","Y",\N
"1045","HOLDEN","COMMODORE VN","","5.0 V8 / HSV","221","88&gt;91","8","5","","","&nbsp;","Y",\N
"1046","HOLDEN","COMMODORE VP","","3.8 V6","170","91&gt;93","6","3.8","","","&nbsp;","Y",\N
"1047","HOLDEN","COMMODORE VP","","5.0 V8 / HSV","221","91&gt;93","8","5","","","&nbsp;","Y",\N
"1048","HOLDEN","COMMODORE VR","","3.8 V6","174","93&gt;95","6","3.8","","","&nbsp;","Y",\N
"1049","HOLDEN","COMMODORE VR","","5.0 V8 / HSV","221","93&gt;95","8","5","","","&nbsp;","Y",\N
"1050","HOLDEN","COMMODORE VS","","3.8 V6","197","95&gt;97","6","3.8","","","&nbsp;","Y",\N
"1051","HOLDEN","COMMODORE VS","","5.0 V8 / HSV","225","95&gt;97","8","5","","","&nbsp;","Y",\N
"1052","HOLDEN","COMMODORE VT (I)","","3.8 V6","197","97&gt;99","6","3.8","","","&nbsp;","Y",\N
"1053","HOLDEN","COMMODORE VT (I)","","3.8 V6 S/C","229","97&gt;99","6","3.8","","","&nbsp;","Y",\N
"1054","HOLDEN","COMMODORE VT (I)","","5.0","240","97&gt;99","0","5","","","&nbsp;","Y",\N
"1055","HOLDEN","COMMODORE VT (I)","","5.0","261","97&gt;99","0","5","","","&nbsp;","Y",\N
"1056","HOLDEN","COMMODORE VT (II)","","3.8 V6","197","99&gt;00","6","3.8","","","&nbsp;","Y",\N
"1057","HOLDEN","COMMODORE VT (II)","","3.8 V6 S/C","229","99&gt;00","6","3.8","","","&nbsp;","Y",\N
"1058","HOLDEN","COMMODORE VT (II)","","5.7 V8","294","99&gt;00","8","5.7","","","&nbsp;","Y",\N
"1059","HOLDEN","COMMODORE VU","","3.8 V6 LPG","0","95&gt;97","6","3.8","","","&nbsp;","Y",\N
"1060","HOLDEN","COMMODORE VX","","3.8 V6","204","00&gt;","6","3.8","","","&nbsp;","Y",\N
"1061","HOLDEN","COMMODORE VX","","3.8 V6 S/C","229","00&gt;","6","3.8","","","&nbsp;","Y",\N
"1062","HOLDEN","COMMODORE VX","","5.7 V8","302","00&gt;","8","5.7","","","&nbsp;","Y",\N
"1063","HOLDEN","COMMODORE VY","","3.8","204","02&gt;","0","3.8","","","&nbsp;","Y",\N
"1064","HOLDEN","COMMODORE VY","","5.7","313","02&gt;","0","5.7","","","&nbsp;","Y",\N
"1065","HOLDEN","ZAFIRA","","1.8 16V","116","99&gt;01","4","1.8","","","&nbsp;","Y",\N
"1066","HOLDEN","ZAFIRA","","2.2 16V DTI","125","02&gt;05","4","2.2","","","&nbsp;","Y",\N
"1067","HUMMER","H3","","2.0 16V VTEC","240","99&gt;","4","2","","","&nbsp;","Y",\N
"1068","HYUNDAI","VELOSTER","","1.6 GDI","140","11&gt;","0","1.6","","Flat","","Y",\N
"1069","JAGUAR","XJ 8","","/cda-carbon-dynamic-airbox%2faccda85-150_d203_2.aspx","0","","0",\N,"","","<a href=\"/cgi-bin/Images/CDA/26A-Jaguar_XJR.jpg\" rel=\"prettyPhoto\">DETAILS</a>","Y",\N
"1070","JAGUAR","XJ 8","","/accessories/sassh8580_d533_2.aspx","0","","0",\N,"","","","Y",\N
"1071","JAGUAR","XK R","","4.2 i Kompressor","395","96&gt;06","0","4.2","","","&nbsp;","Y",\N
"1072","KIA","CEE'D / SW","","1.4","105","06&gt;","0","1.4","","","&nbsp;","Y",\N
"1073","LAMBORGHINI","AVENTADOR","","6.5 V12 LP700-4","700","11&gt;","12","6.5","","Flat","","Y",\N
"1074","LAMBORGHINI","GALLARDO","","LP550-2 VALENTINO BALBONI","550","","0",\N,"","","","Y",\N
"1075","LAMBORGHINI","GALLARDO","","LP560-4","560","","0",\N,"","","","Y",\N
"1076","LAMBORGHINI","GALLARDO","","LP570-4 SUPERLEGGERA","570","","0",\N,"","","","Y",\N
"1077","LAMBORGHINI","GALLARDO","","Gallardo","0","04&gt;09","0",\N,"","Flat","","Y",\N
"1078","LAMBORGHINI","GALLARDO SPYDER","","LP550-2","550","11&gt;","0",\N,"","","","Y",\N
"1079","LAMBORGHINI","GALLARDO SPYDER","","LP560-4","560","08&gt;","0",\N,"","","","Y",\N
"1080","LAMBORGHINI","GALLARDO SPYDER","","LP570-4 PERFORMANTE","570","10&gt;","0",\N,"","","","Y",\N
"1081","LANCIA","YPSILON I","","1.2 16V","80","03&gt;10","4","1.2","","","<a href=\"/cgi-bin/Images/CDA/08A-Lancia_Y_1.2_16V.jpg\" rel=\"prettyPhoto\">DETAILS</a>","Y",\N
"1082","LAND ROVER","DEFENDER","","TD4","122","07&gt;","0",\N,"","Flat","","Y",\N
"1083","LAND ROVER","DEFENDER","","TD5","122","98&gt;06","0",\N,"","Flat","","Y",\N
"1084","LOTUS","EVORA","","/cda-carbon-dynamic-airbox/accdasp-55_d1241_2.aspx","0","","0",\N,"","","&nbsp;","Y",\N
"1085","MAZDA","MIATA II","NB","1.8","140","98&gt;05","0","1.8","BP-ZE","Flat","","Y",\N
"1086","MAZDA","MX5 II","NB","1.8","140","98&gt;05","0","1.8","BP-ZE","Flat","","Y",\N
"1087","MAZDA","ROADSTER II","NB","1.8","140","98&gt;05","0","1.8","BP-ZE","Flat","","Y",\N
"1088","MERCEDES","CL (C 215)","","55 AMG [2 Filters Required]","360","00&gt;02","0",\N,"","","<a href=\"/cgi-bin/Images/CDA/10B-Mercedes_CL_55AMG.jpg\" rel=\"prettyPhoto\">DETAILS</a>","Y",\N
"1089","MERCEDES","CL (C 215)","","55 AMG [2 Filters Required]","500","02&gt;06","0",\N,"","","<a href=\"/cgi-bin/Images/CDA/10B-Mercedes_CL_55AMG.jpg\" rel=\"prettyPhoto\">DETAILS</a>","Y",\N
"1090","MERCEDES","CLASS V (638/2)","","V220 CDI","122","99&gt;03","0",\N,"","","<a href=\"/cgi-bin/Images/CDA/10D-Mercedes_V_220CDI.jpg\" rel=\"prettyPhoto\">DETAILS</a>","Y",\N
"1091","MERCEDES","VITO (638)","","112 CDI","122","99&gt;03","0",\N,"","","<a href=\"/cgi-bin/Images/CDA/10F-Mercedes_VITO_112_CDI.JPG\" rel=\"prettyPhoto\">DETAILS</a>","Y",\N
"1092","MG","ZS","","ZS 120","117","01&gt;","0",\N,"","","&nbsp;","Y",\N
"1093","MINI","MINI (R52) CABRIO","","1.6 Cooper S","163","04&gt;05","0","1.6","","","<a href=\"/cgi-bin/Images/CDA/22B-Mini_CooperS.jpg\" rel=\"prettyPhoto\">DETAILS</a>","Y",\N
"1094","MINI","MINI (R52) CABRIO","","1.6 Cooper S JCW","210","05&gt;08","0","1.6","","","<a href=\"/cgi-bin/Images/CDA/22B-Mini_CooperS.jpg\" rel=\"prettyPhoto\">DETAILS</a>","Y",\N
"1095","MINI","MINI (R53) COUPE'","","1.6 Cooper S","163","01&gt;05","0","1.6","","","<a href=\"/cgi-bin/Images/CDA/22B-Mini_CooperS.jpg\" rel=\"prettyPhoto\">DETAILS</a>","Y",\N
"1096","MINI","MINI (R53) COUPE'","","1.6 Cooper S JCW","210","05&gt;06","0","1.6","","","<a href=\"/cgi-bin/Images/CDA/22B-Mini_CooperS.jpg\" rel=\"prettyPhoto\">DETAILS</a>","Y",\N
"1097","MINI","MINI II (R55) CLUBMAN","","1.6 Cooper S","184","10&gt;","0","1.6","","Flat","","Y",\N
"1098","MINI","MINI II (R55) CLUBMAN","","1.6 Cooper S JCW","211","08&gt;","0","1.6","","Flat","","Y",\N
"1100","MINI","MINI II (R56)","","1.6 Cooper S","184","10&gt;","0","1.6","","Flat","","Y",\N
"1101","MINI","MINI II (R56)","","1.6 Cooper S JCW","211","08&gt;","0","1.6","","Flat","","Y",\N
"1102","MINI","MINI II (R56)","","1.6 Cooper S","175","07&gt;10","0","1.6","","","&nbsp;","Y",\N
"1103","MINI","MINI II (R57) CABRIO","","1.6 Cooper S","184","09&gt;","0","1.6","","Flat","","Y",\N
"1104","MINI","MINI II (R57) CABRIO","","1.6 Cooper S JCW","211","09&gt;","0","1.6","","Flat","","Y",\N
"1105","MINI","MINI II (R58) COUPE'","","1.6 Cooper S","184","10&gt;","0","1.6","","Flat","","Y",\N
"1106","MINI","MINI II (R58) COUPE'","","1.6 Cooper S JCW","211","11&gt;","0","1.6","","Flat","","Y",\N
"1107","MINI","MINI II (R60) COUNTRYMAN","","1.6 Cooper S JCW","218","09&gt;","0","1.6","","Flat","","Y",\N
"1108","MITSUBISHI","LANCER EVOLUTION","","EVO X","295","08&gt;","0",\N,"","","","Y",\N
"1109","MITSUBISHI","LANCER EVOLUTION","","EVO IX","280","05&gt;07","0",\N,"","","<a href=\"/cgi-bin/Images/CDA/EVO9.JPG\" rel=\"prettyPhoto\">DETAILS</a>","Y",\N
"1110","NISSAN","350 Z","","3.5 V6","280","03&gt;06","6","3.5","","","<a href=\"/cgi-bin/Images/CDA/12B-Nissan_350Z.JPG\" rel=\"prettyPhoto\">DETAILS</a>","Y",\N
"1111","NISSAN","GT-R 35","","GT-R 35","480","07&gt;10","0",\N,"VR38DETT","Flat","","Y",\N
"1112","NISSAN","GT-R 35","","GT-R 35","520","11&gt;","0",\N,"VR38DETT","Flat","","Y",\N
"1113","NISSAN","PATROL IV (Y60)","","4.2 6 Cyl.","165","88&gt;97","6","4.2","","","&nbsp;","Y",\N
"1114","OPEL","ASTRA G","","2.0 DTI 16V","101","98&gt;05","4","2","","","<a href=\"/cgi-bin/Images/CDA/13B-Opel_Astra_2.0_DTI.jpg\" rel=\"prettyPhoto\">DETAILS</a>","Y",\N
"1115","OPEL","CORSA D","","1.6 OPC","192","07&gt;","0","1.6","","","<a href=\"/cgi-bin/Images/CDA/CORSAOPC.jpg\" rel=\"prettyPhoto\">DETAILS</a>","Y",\N
"1116","OPEL","GT","","2.0 16V Turbo","264","07&gt;","4","2","","","<a href=\"/cgi-bin/Images/CDA/OPELGT.jpg\" rel=\"prettyPhoto\">DETAILS</a>","Y",\N
"1117","OPEL","OMEGA B","","2.5 DTI","150","01&gt;03","0","2.5","","","&nbsp;","Y",\N
"1118","OPEL","OMEGA B","","2.5 TD","130","94&gt;03","0","2.5","","","<a href=\"/cgi-bin/images/cda/13L-Opel_Omega2.5TD.JPG\" rel=\"prettyPhoto\">DETAILS</a>","Y",\N
"1119","OPEL","SPEEDSTER","","2.2 i 16V","147","00&gt;05","4","2.2","","","<a href=\"/cgi-bin/images/cda/13H-Opel_Speedster.JPG\" rel=\"prettyPhoto\">DETAILS</a>","Y",\N
"1120","OPEL","ZAFIRA A","","1.8 16V","116","99&gt;01","4","1.8","","","<a href=\"/cgi-bin/images/cda/13G-Opel_Zafira_1.8_16V.jpg\" rel=\"prettyPhoto\">DETAILS</a>","Y",\N
"1121","OPEL","ZAFIRA A","","2.2 16V DTI","125","02&gt;05","4","2.2","","","&nbsp;","Y",\N
"1122","PEUGEOT","106 I","","1.4","94","91&gt;96","0","1.4","","","<a href=\"/cgi-bin/Images/CDA/14A-Peugeot_106_1.4_Sport.jpg\" rel=\"prettyPhoto\">DETAILS</a>","Y",\N
"1123","PEUGEOT","106 II","","1.6 S16","118","96&gt;04","0","1.6","","","<a href=\"/cgi-bin/Images/CDA/14B-Peugeot_106_GTI_16V.jpg\" rel=\"prettyPhoto\">DETAILS</a>","Y",\N
"1124","PEUGEOT","107","","1.4 HDI","54","05&gt;","0","1.4","","","<a href=\"/cgi-bin/Images/CDA/14M-Peugeot_205_GTI_1.6.JPG\" rel=\"prettyPhoto\">DETAILS</a>","Y",\N
"1125","PEUGEOT","206 / CC / SW","","1.4 16V","88","03&gt;","4","1.4","","","&nbsp;","Y",\N
"1126","PEUGEOT","206 / CC / SW","","1.6 16V","109","01&gt;03","4","1.6","","","&nbsp;","Y",\N
"1127","PEUGEOT","206 / CC / SW","","1.6 XS","89","98&gt;","0","1.6","","","&nbsp;","Y",\N
"1128","PEUGEOT","206 / CC / SW","","2.0 16V RC","180","04&gt;","4","2","","","<a href=\"/cgi-bin/Images/CDA/14O-Peugeot_206_2.0_16VRC.JPG\" rel=\"prettyPhoto\">DETAILS</a>","Y",\N
"1129","PEUGEOT","206 / CC / SW","","2.0 16V RC","180","99&gt;03","4","2","","","<a href=\"/cgi-bin/Images/CDA/14O-Peugeot_206_2.0_16VRC.JPG\" rel=\"prettyPhoto\">DETAILS</a>","Y",\N
"1130","PEUGEOT","206 / CC / SW","","2.0 GTI 16V","137","99&gt;","4","2","","","<a href=\"/cgi-bin/Images/CDA/14E-Peugeot_206_2.0_GTI.JPG\" rel=\"prettyPhoto\">DETAILS</a>","Y",\N
"1131","PEUGEOT","206 / CC / SW","","2.0 HDi","90","99&gt;","0","2","","","&nbsp;","Y",\N
"1132","PEUGEOT","207 / CC / SW","","1.6 16V","109","06&gt;","4","1.6","","","&nbsp;","Y",\N
"1133","PEUGEOT","207 / CC / SW","","1.6 THP Feline","150","06&gt;","0","1.6","","","&nbsp;","Y",\N
"1134","PEUGEOT","306","","1.6 SR","89","94&gt;00","0","1.6","","","&nbsp;","Y",\N
"1135","PEUGEOT","306","","2.0 HDi","90","99&gt;","0","2","","","<a href=\"/cgi-bin/Images/CDA/14N-Peugeot306_2.0HDI.jpg\" rel=\"prettyPhoto\">DETAILS</a>","Y",\N
"1136","PEUGEOT","307 / CC / SW","","1.6 16V / Break","109","01&gt;05","4","1.6","","","<a href=\"/cgi-bin/Images/CDA/14H-Peugeot_307_1.6_16v.JPG\" rel=\"prettyPhoto\">DETAILS</a>","Y",\N
"1137","PEUGEOT","307 / CC / SW","","1.6 16V / Break","109","05&gt;09","4","1.6","","","<a href=\"/cgi-bin/Images/CDA/14H-Peugeot_307_1.6_16v.JPG\" rel=\"prettyPhoto\">DETAILS</a>","Y",\N
"1138","PEUGEOT","307 / CC / SW","","2.0 HDI / Break","107","00&gt;08","0","2","","","<a href=\"/cgi-bin/Images/CDA/14G-Peugeot_307_HDI_90hp.JPG\" rel=\"prettyPhoto\">DETAILS</a>","Y",\N
"1139","PEUGEOT","307 / CC / SW","","2.0 HDI / Break","136","03&gt;08","0","2","","","<a href=\"/cgi-bin/Images/CDA/14G-Peugeot_307_HDI_90hp.JPG\" rel=\"prettyPhoto\">DETAILS</a>","Y",\N
"1140","PEUGEOT","307 / CC / SW","","2.0 HDI / Break","90","00&gt;08","0","2","","","<a href=\"/cgi-bin/Images/CDA/14G-Peugeot_307_HDI_90hp.JPG\" rel=\"prettyPhoto\">DETAILS</a>","Y",\N
"1141","PEUGEOT","405 I / BREAK","","1.9 Sport MI-16 /4x4","147","88&gt;92","0","1.9","","","&nbsp;","Y",\N
"1142","PEUGEOT","405 I / BREAK","","1.9 Sport MI-16","158","87&gt;91","0","1.9","","","&nbsp;","Y",\N
"1143","PEUGEOT","405 II / BREAK","","2.0 M16","152","94&gt;95","0","2","","","&nbsp;","Y",\N
"1144","PEUGEOT","405 II / BREAK","","2.0 T16 Turbo","196","92&gt;94","0","2","","","&nbsp;","Y",\N
"1145","PEUGEOT","406 / BREAK","","2.0 16V / Coupè","132","95&gt;04","4","2","","","&nbsp;","Y",\N
"1146","PEUGEOT","406 / BREAK","","2.0 16V / Coupè","135","99&gt;00","4","2","","","&nbsp;","Y",\N
"1147","PEUGEOT","406 / BREAK","","2.0 HDi","109","98&gt;01","0","2","","","&nbsp;","Y",\N
"1148","PEUGEOT","406 / BREAK","","3.0 24v / Coupè","190","00&gt;04","6","3","","","<a href=\"/cgi-bin/Images/CDA/14F-Peugeot_406_3.0_V6_24V.jpg\" rel=\"prettyPhoto\">DETAILS</a>","Y",\N
"1149","RENAULT","ALPINE","","V6 GT Turbo","185","85&gt;90","6",\N,"","","&nbsp;","Y",\N
"1150","RENAULT","ALPINE","","V6 GT Turbo","200","85&gt;90","6",\N,"","","&nbsp;","Y",\N
"1151","RENAULT","CLIO I","","1.4","80","91&gt;98","0","1.4","","","<a href=\"/cgi-bin/Images/CDA/16A-Renault_Clio_1.4S.jpg\" rel=\"prettyPhoto\">DETAILS</a>","Y",\N
"1152","RENAULT","CLIO I","","1.8 16V","135","91&gt;96","4","1.8","","","<a href=\"/cgi-bin/Images/CDA/16G-Renault_Clio_1.8 .JPG\" rel=\"prettyPhoto\">DETAILS</a>","Y",\N
"1153","RENAULT","CLIO I","","2.0 16V Williams","147","94&gt;98","4","2","","","&nbsp;","Y",\N
"1154","RENAULT","CLIO II","","2.0 16V RS","169","01&gt;03","4","2","","","<a href=\"/cgi-bin/Images/CDA/16F-Renault_Clio_RS2000L.jpg\" rel=\"prettyPhoto\">DETAILS</a>","Y",\N
"1155","RENAULT","CLIO II","","3.0 V6 Sport","226","01&gt;05","6","3","","","<a href=\"/cgi-bin/Images/CDA/16L-Renault_Clio_3.0v6.JPG\" rel=\"prettyPhoto\">DETAILS</a>","Y",\N
"1156","RENAULT","CLIO III","","RS 2.0 F1","200","05&gt;08","0","2","","Flat","","Y",\N
"1157","RENAULT","CLIO III","","1.5 dCi / Grandtour","103","05&gt;","0","1.5","","","&nbsp;","Y",\N
"1158","RENAULT","CLIO III","","1.5 dCi / Grandtour","106","05&gt;","0","1.5","","","&nbsp;","Y",\N
"1159","RENAULT","CLIO III","","1.5 dCi / Grandtour","65","05&gt;","0","1.5","","","&nbsp;","Y",\N
"1160","RENAULT","CLIO III","","1.5 dCi / Grandtour","68","05&gt;","0","1.5","","","&nbsp;","Y",\N
"1161","RENAULT","CLIO III","","1.5 dCi / Grandtour","75","10&gt;","0","1.5","","","&nbsp;","Y",\N
"1162","RENAULT","CLIO III","","1.5 dCi / Grandtour","86","05&gt;","0","1.5","","","&nbsp;","Y",\N
"1163","RENAULT","CLIO III","","1.5 dCi / Grandtour","88","10&gt;","0","1.5","","","&nbsp;","Y",\N
"1164","RENAULT","CLIO III","","1.5 dCi","64","05&gt;","0","1.5","","","&nbsp;","Y",\N
"1165","RENAULT","LAGUNA I","","1.9 Dci / Grandtour","107","99&gt;01","0","1.9","","","<a href=\"/cgi-bin/Images/CDA/16H-Renault_Laguna_1.9_DCI.JPG\" rel=\"prettyPhoto\">DETAILS</a>","Y",\N
"1166","RENAULT","MÉGANE I","","1.6 16V / Cabrio / Coach / Grandtour","107","99&gt;02","4","1.6","","","&nbsp;","Y",\N
"1167","RENAULT","MÉGANE I","","1.9 Dti / Coach / Grandtour","98","97&gt;01","0","1.9","","","<a href=\"/cgi-bin/Images/CDA/16C-Renault_Megane_1.9_DTI.jpg\" rel=\"prettyPhoto\">DETAILS</a>","Y",\N
"1168","RENAULT","MÉGANE I","","2.0 16V IDE Cabrio / Coach","140","99&gt;02","4","2","","","&nbsp;","Y",\N
"1169","RENAULT","MÉGANE II / SW","","RS 2.0","225","04&gt;08","0","2","","Flat","","Y",\N
"1170","RENAULT","MÉGANE II / SW","","1.6 16V / Coupè / Cabrio","112","02&gt;08","4","1.6","","","&nbsp;","Y",\N
"1171","RENAULT","MÉGANE II / SW","","1.6 16V / Coupè / Cabrio","113","02&gt;08","4","1.6","","","&nbsp;","Y",\N
"1172","RENAULT","R 19 I","","1.9 TD Chamade","92","90&gt;92","0","1.9","","","&nbsp;","Y",\N
"1173","RENAULT","R 25","","2.5 i Turbo","205","90&gt;92","0","2.5","","","&nbsp;","Y",\N
"1174","RENAULT","SCÉNIC I","","1.9 DCI RX4","102","00&gt;03","0","1.9","","","<a href=\"/cgi-bin/Images/CDA/16M-Renault_Scenic_Rx4_DCI.JPG\" rel=\"prettyPhoto\">DETAILS</a>","Y",\N
"1175","RENAULT","SCÉNIC I","","1.9 DTI","98","99&gt;03","0","1.9","","","&nbsp;","Y",\N
"1176","ROVER","600","","/cda-carbon-dynamic-airbox%2faccda85-150_d203_2.aspx","0","","0",\N,"","","<a href=\"/cgi-bin/Images/CDA/17A-Rover_620ti.JPG\" rel=\"prettyPhoto\">DETAILS</a>","Y",\N
"1177","ROVER","600","","/accessories/sac09070k_d221_2.aspx","0","","0",\N,"","","","Y",\N
"1178","SAAB","901 II","","2.0 i Turbo 16V S","185","93&gt;98","4","2","","","<a href=\"/cgi-bin/Images/CDA/30A-Saab_900_2.0iTurbo.jpg\" rel=\"prettyPhoto\">DETAILS</a>","Y",\N
"1179","SEAT","ALTEA","","1.6 / LGP","102","04&gt;","0","1.6","","","&nbsp;","Y",\N
"1180","SEAT","ALTEA","","1.9 TDI","105","04&gt;","0","1.9","","","<a href=\"/cgi-bin/Images/CDA/18F-Seat Altea 1.9 TDI.JPG\" rel=\"prettyPhoto\">DETAILS</a>","Y",\N
"1181","SEAT","ALTEA","","2.0 FSI","150","04&gt;09","0","2","","","&nbsp;","Y",\N
"1182","SEAT","ALTEA XL","","1.6 / LGP","102","04&gt;","0","1.6","","","&nbsp;","Y",\N
"1183","SEAT","ALTEA XL","","1.9 TDI","105","04&gt;","0","1.9","","","&nbsp;","Y",\N
"1184","SEAT","ALTEA XL","","2.0 FSI","150","04&gt;09","0","2","","","&nbsp;","Y",\N
"1185","SEAT","AROSA","","1.4 TDi","75","00&gt;04","0","1.4","","","&nbsp;","Y",\N
"1186","SEAT","CORDOBA II","","2.0 16V","115","02&gt;09","4","2","","","&nbsp;","Y",\N
"1187","SEAT","IBIZA II (6K2)","","1.4 MPI 16V","75","99&gt;02","4","1.4","","","<a href=\"/cgi-bin/Images/CDA/18A-Seat_Ibiza_1.4_16V.jpg\" rel=\"prettyPhoto\">DETAILS</a>","Y",\N
"1188","SEAT","IBIZA II (6K2)","","1.8 T CUPRA","156","99&gt;02","0","1.8","","","<a href=\"/cgi-bin/Images/CDA/18C-Seat_Ibiza_1.8_Turbo.JPG\" rel=\"prettyPhoto\">DETAILS</a>","Y",\N
"1189","SEAT","IBIZA II (6K2)","","1.9 TDI","110","99&gt;02","0","1.9","","","&nbsp;","Y",\N
"1190","SEAT","IBIZA II (6K2)","","1.9 TDI","90","99&gt;02","0","1.9","","","&nbsp;","Y",\N
"1191","SEAT","IBIZA III","","1.4 16V","100","07&gt;08","4","1.4","","","<a href=\"/cgi-bin/Images/CDA/18E-Seat_IbizaIII_1.4 16V.jpg\" rel=\"prettyPhoto\">DETAILS</a>","Y",\N
"1192","SEAT","IBIZA III","","1.4 16V","75","02&gt;06","4","1.4","","","<a href=\"/cgi-bin/Images/CDA/18E-Seat_IbizaIII_1.4 16V.jpg\" rel=\"prettyPhoto\">DETAILS</a>","Y",\N
"1193","SEAT","IBIZA III","","1.4 16V","86","06&gt;08","4","1.4","","","<a href=\"/cgi-bin/Images/CDA/18E-Seat_IbizaIII_1.4 16V.jpg\" rel=\"prettyPhoto\">DETAILS</a>","Y",\N
"1194","SEAT","IBIZA III","","1.8 T 20V CUPRA","180","04&gt;07","0","1.8","","","&nbsp;","Y",\N
"1195","SEAT","IBIZA III","","1.8 T 20V FR","150","04&gt;08","0","1.8","","","&nbsp;","Y",\N
"1196","SEAT","IBIZA III","","1.9 TDI CUPRA","160","04&gt;07","0","1.9","","","&nbsp;","Y",\N
"1197","SEAT","IBIZA III","","1.9 TDI SPORT/FR","130","02&gt;08","0","1.9","","","&nbsp;","Y",\N
"1198","SEAT","IBIZA IV","","1.4","86","08&gt;","0","1.4","","Flat","","Y",\N
"1199","SEAT","IBIZA IV","6J","2.0 TDI FR","143","09&gt;","0","2","CBAB","Flat","","Y",\N
"1200","SEAT","LEON I","","1.6","100","99&gt;05","0","1.6","","","&nbsp;","Y",\N
"1201","SEAT","LEON I","","1.6","102","05&gt;06","0","1.6","","","&nbsp;","Y",\N
"1202","SEAT","LEON I","","1.6 16V","105","00&gt;06","4","1.6","","","&nbsp;","Y",\N
"1203","SEAT","LEON I","","1.8 20V T CUPRA","180","99&gt;05","0","1.8","","","&nbsp;","Y",\N
"1204","SEAT","LEON I","","1.8 T 20V CUPRA R","210","02&gt;06","0","1.8","","","&nbsp;","Y",\N
"1205","SEAT","LEON I","","1.8 T 20V CUPRA R","225","02&gt;06","0","1.8","","","&nbsp;","Y",\N
"1206","SEAT","LEON I","","1.9 TDI","101","05&gt;06","0","1.9","","","<a href=\"/cgi-bin/Images/CDA/18D-Seat_Leon _1.9_TDI.JPG\" rel=\"prettyPhoto\">DETAILS</a>","Y",\N
"1207","SEAT","LEON I","","1.9 TDI","110","99&gt;05","0","1.9","","","<a href=\"/cgi-bin/Images/CDA/18D-Seat_Leon _1.9_TDI.JPG\" rel=\"prettyPhoto\">DETAILS</a>","Y",\N
"1208","SEAT","LEON I","","1.9 TDI","130","03&gt;06","0","1.9","","","<a href=\"/cgi-bin/Images/CDA/18D-Seat_Leon _1.9_TDI.JPG\" rel=\"prettyPhoto\">DETAILS</a>","Y",\N
"1209","SEAT","LEON I","","1.9 TDI","90","99&gt;05","0","1.9","","","<a href=\"/cgi-bin/Images/CDA/18D-Seat_Leon _1.9_TDI.JPG\" rel=\"prettyPhoto\">DETAILS</a>","Y",\N
"1210","SEAT","LEON I","","1.9 TDI TS/FR","150","00&gt;05","0","1.9","","","<a href=\"/cgi-bin/Images/CDA/18D-Seat_Leon _1.9_TDI.JPG\" rel=\"prettyPhoto\">DETAILS</a>","Y",\N
"1211","SEAT","LEON II","1P","2.0 TFSI FR","200","06&gt;09","0","2","BWA","Flat","","Y",\N
"1212","SEAT","LEON II","1P","2.0 TFSI FR","265","06&gt;09","0","2","CDLA","Flat","","Y",\N
"1213","SEAT","LEON II","","1.6","102","05&gt;","0","1.6","","","&nbsp;","Y",\N
"1214","SEAT","LEON II","","1.9 TDI","105","05&gt;","0","1.9","","","&nbsp;","Y",\N
"1215","SEAT","LEON II","","2.0 FSI","150","05&gt;09","0","2","","","&nbsp;","Y",\N
"1216","SEAT","LEON II","","2.0 TDI / 16V","140","05&gt;","4","2","","","&nbsp;","Y",\N
"1217","SEAT","LEON II","","2.0 TDI FR DPF","170","06&gt;","0","2","","","&nbsp;","Y",\N
"1218","SEAT","LEON II","","2.0 TFSI","185","05&gt;06","0","2","","","&nbsp;","Y",\N
"1219","SEAT","LEON II","","2.0 TFSI FR","200","06&gt;09","0","2","","","<a href=\"/cgi-bin/Images/CDA/LEONFR.jpg\" rel=\"prettyPhoto\">DETAILS</a>","Y",\N
"1220","SEAT","LEON II","","2.0 TSI Cupra","240","06&gt;","0","2","","","&nbsp;","Y",\N
"1221","SEAT","LEON II","","2.0 TSI Cupra R","265","09&gt;","0","2","","","&nbsp;","Y",\N
"1222","SEAT","TOLEDO III","","2.0 16V FSI","150","04&gt;","4","2","","","&nbsp;","Y",\N
"1223","SKODA","FABIA II","6R","1.2 TDI","75","11&gt;","0","1.2","","Flat","","Y",\N
"1224","SKODA","OCTAVIA I","","1.8 Turbo / 4x4","150","96&gt;10","0","1.8","","","<a href=\"/cgi-bin/Images/CDA/33A-Skoda_Octavia_RSP.jpg\" rel=\"prettyPhoto\">DETAILS</a>","Y",\N
"1225","SKODA","OCTAVIA I","","1.8 Turbo RS","180","01&gt;10","0","1.8","","","&nbsp;","Y",\N
"1226","SKODA","OCTAVIA II","","1.6 / LPG / Multifuel","102","04&gt;","0","1.6","","","&nbsp;","Y",\N
"1227","SKODA","OCTAVIA II","","2.0 16V FSI","150","04&gt;","4","2","","","&nbsp;","Y",\N
"1228","SKODA","OCTAVIA II","","2.0 TFSI RS","200","05&gt;08","0","2","","","&nbsp;","Y",\N
"1229","SUBARU","IMPREZA II","","2.5 WRX","230","05&gt;","0","2.5","","","&nbsp;","Y",\N
"1230","SUBARU","IMPREZA II","","2.5 WRX Sti","280","05&gt;08","0","2.5","","","&nbsp;","Y",\N
"1231","SUBARU","IMPREZA III","","2.5 WRX STI","300","07&gt;","0","2.5","","","","Y",\N
"1232","SUZUKI","SWIFT IV","MZ&#44; EZ","1.6 RS Sport","136","12&gt;","0","1.6","M16A","Flat","","Y",\N
"1233","TOYOTA","CAMRY","","1.4 D","54","05&gt;","0","1.4","","","<a href=\"/cgi-bin/Images/CDA/20A-Toyota_Celica_T20.jpg\" rel=\"prettyPhoto\">DETAILS</a>","Y",\N
"1234","TOYOTA","CELICA VII (T230)","","1.8 VVTL-i T","192","00&gt;06","0","1.8","","","<a href=\"/cgi-bin/Images/CDA/20C-Toyota_Celica_1.8VVTI.jpg\" rel=\"prettyPhoto\">DETAILS</a>","Y",\N
"1235","TOYOTA","PASEO","","1.5 16V [No UK]","90","96&gt;99","4","1.5","","","&nbsp;","Y",\N
"1236","TOYOTA","YARIS I","","1.0 VVT-i","68","99&gt;05","0","1","","","<a href=\"/cgi-bin/Images/CDA/20D-Toyota_Yaris_1.0VVTi.JPG\" rel=\"prettyPhoto\">DETAILS</a>","Y",\N
"1237","VAUXHALL","ASTRA IV","","2.0 DTI 16V","101","98&gt;05","4","2","","","&nbsp;","Y",\N
"1238","VAUXHALL","CORSA IV (D)","","1.6 OPC","192","07&gt;","0","1.6","","","&nbsp;","Y",\N
"1239","VAUXHALL","OMEGA","","2.5 DTI","150","01&gt;03","0","2.5","","","&nbsp;","Y",\N
"1240","VAUXHALL","OMEGA","","2.5 TD","130","94&gt;03","0","2.5","","","&nbsp;","Y",\N
"1241","VAUXHALL","VX220","","2.2 i 16V","147","00&gt;05","4","2.2","","","&nbsp;","Y",\N
"1242","VAUXHALL","ZAFIRA A","","1.8 16V","116","99&gt;01","4","1.8","","","&nbsp;","Y",\N
"1243","VAUXHALL","ZAFIRA A","","2.2 16V DTI","125","02&gt;05","4","2.2","","","&nbsp;","Y",\N
"1244","VOLKSWAGEN","BORA (A4)","","1.6","101","97&gt;00","0","1.6","","","&nbsp;","Y",\N
"1245","VOLKSWAGEN","BORA (A4)","","1.6 16V","105","01&gt;05","4","1.6","","","&nbsp;","Y",\N
"1246","VOLKSWAGEN","BORA (A4)","","1.8 GTI","180","01&gt;05","0","1.8","","","&nbsp;","Y",\N
"1247","VOLKSWAGEN","BORA (A4)","","1.8 T","150","97&gt;05","0","1.8","","","&nbsp;","Y",\N
"1248","VOLKSWAGEN","BORA (A4)","","1.9 TDI / 4-motion","101","00&gt;05","0","1.9","","","&nbsp;","Y",\N
"1249","VOLKSWAGEN","BORA (A4)","","1.9 TDI / 4-motion","115","98&gt;01","0","1.9","","","&nbsp;","Y",\N
"1250","VOLKSWAGEN","BORA (A4)","","1.9 TDI / 4-motion","130","00&gt;05","0","1.9","","","&nbsp;","Y",\N
"1251","VOLKSWAGEN","BORA (A4)","","1.9 TDI / 4-motion","150","00&gt;05","0","1.9","","","&nbsp;","Y",\N
"1252","VOLKSWAGEN","BORA (A4)","","1.9 TDI / 4-motion","90","97&gt;04","0","1.9","","","&nbsp;","Y",\N
"1253","VOLKSWAGEN","BORA (A4)","","1.9 TDI","110","97&gt;04","0","1.9","","","&nbsp;","Y",\N
"1254","VOLKSWAGEN","BORA (A4)","","1.9 TDI Cabrio","110","98&gt;02","0","1.9","","","&nbsp;","Y",\N
"1255","VOLKSWAGEN","BORA (A4)","","1.9 TDI Cabrio","90","98&gt;02","0","1.9","","","&nbsp;","Y",\N
"1256","VOLKSWAGEN","BORA (A4)","","2.8 i V6","204","99&gt;05","6","2.8","","","&nbsp;","Y",\N
"1257","VOLKSWAGEN","BORA (A4)","","R32","241","02&gt;05","0",\N,"","","&nbsp;","Y",\N
"1258","VOLKSWAGEN","BORA (A5)","","1.4 TSI","140","07&gt;10","0","1.4","","","&nbsp;","Y",\N
"1259","VOLKSWAGEN","BORA (A5)","","1.4 TSI","170","07&gt;10","0","1.4","","","&nbsp;","Y",\N
"1260","VOLKSWAGEN","BORA (A5)","","1.6","102","05&gt;10","0","1.6","","","&nbsp;","Y",\N
"1261","VOLKSWAGEN","BORA (A5)","","1.6 D","90","09&gt;10","0","1.6","","","&nbsp;","Y",\N
"1262","VOLKSWAGEN","BORA (A5)","","1.9 TDI","105","05&gt;10","0","1.9","","","&nbsp;","Y",\N
"1263","VOLKSWAGEN","BORA (A5)","","2.0 FSI","150","05&gt;10","0","2","","","&nbsp;","Y",\N
"1264","VOLKSWAGEN","BORA (A5)","","2.0 TDI","140","05&gt;10","0","2","","","&nbsp;","Y",\N
"1265","VOLKSWAGEN","BORA (A5)","","2.0 TFSI","200","05&gt;10","0","2","","","&nbsp;","Y",\N
"1266","VOLKSWAGEN","CLÁSICO (A4)","","1.6","101","97&gt;00","0","1.6","","","&nbsp;","Y",\N
"1267","VOLKSWAGEN","CLÁSICO (A4)","","1.6 16V","105","01&gt;05","4","1.6","","","&nbsp;","Y",\N
"1268","VOLKSWAGEN","CLÁSICO (A4)","","1.8 GTI","180","01&gt;05","0","1.8","","","&nbsp;","Y",\N
"1269","VOLKSWAGEN","CLÁSICO (A4)","","1.8 T","150","97&gt;05","0","1.8","","","&nbsp;","Y",\N
"1270","VOLKSWAGEN","CLÁSICO (A4)","","1.9 TDI / 4-motion","101","00&gt;05","0","1.9","","","&nbsp;","Y",\N
"1271","VOLKSWAGEN","CLÁSICO (A4)","","1.9 TDI / 4-motion","115","98&gt;01","0","1.9","","","&nbsp;","Y",\N
"1272","VOLKSWAGEN","CLÁSICO (A4)","","1.9 TDI / 4-motion","130","00&gt;05","0","1.9","","","&nbsp;","Y",\N
"1273","VOLKSWAGEN","CLÁSICO (A4)","","1.9 TDI / 4-motion","150","00&gt;05","0","1.9","","","&nbsp;","Y",\N
"1274","VOLKSWAGEN","CLÁSICO (A4)","","1.9 TDI / 4-motion","90","97&gt;04","0","1.9","","","&nbsp;","Y",\N
"1275","VOLKSWAGEN","CLÁSICO (A4)","","1.9 TDI","110","97&gt;04","0","1.9","","","&nbsp;","Y",\N
"1276","VOLKSWAGEN","CLÁSICO (A4)","","1.9 TDI Cabrio","110","98&gt;02","0","1.9","","","&nbsp;","Y",\N
"1277","VOLKSWAGEN","CLÁSICO (A4)","","1.9 TDI Cabrio","90","98&gt;02","0","1.9","","","&nbsp;","Y",\N
"1278","VOLKSWAGEN","CLÁSICO (A4)","","2.8 i V6","204","99&gt;05","6","2.8","","","&nbsp;","Y",\N
"1279","VOLKSWAGEN","CLÁSICO (A4)","","R32","241","02&gt;05","0",\N,"","","&nbsp;","Y",\N
"1280","VOLKSWAGEN","EOS","","1.8 TSI","0","08&gt;","0","1.8","","Flat","","Y",\N
"1281","VOLKSWAGEN","EOS","","2.0 TSI","0","08&gt;","0","2","","Flat","","Y",\N
"1282","VOLKSWAGEN","EOS","","2.0 FSI","150","06&gt;08","0","2","","","&nbsp;","Y",\N
"1283","VOLKSWAGEN","EOS","","2.0 T FSI","200","06&gt;08","0","2","","","&nbsp;","Y",\N
"1284","VOLKSWAGEN","EOS","","/cda-carbon-dynamic-airbox/accdasp-14_d522_2.aspx","0","","0",\N,"","","&nbsp;","Y",\N
"1285","VOLKSWAGEN","GOLF IV (A4)","","1.6","101","97&gt;00","0","1.6","","","&nbsp;","Y",\N
"1286","VOLKSWAGEN","GOLF IV (A4)","","1.6 16V","105","01&gt;05","4","1.6","","","&nbsp;","Y",\N
"1287","VOLKSWAGEN","GOLF IV (A4)","","1.8 GTI","180","01&gt;05","0","1.8","","","&nbsp;","Y",\N
"1288","VOLKSWAGEN","GOLF IV (A4)","","1.8 T","150","97&gt;05","0","1.8","","","&nbsp;","Y",\N
"1289","VOLKSWAGEN","GOLF IV (A4)","","1.9 TDI / 4-motion","101","00&gt;05","0","1.9","","","&nbsp;","Y",\N
"1290","VOLKSWAGEN","GOLF IV (A4)","","1.9 TDI / 4-motion","115","98&gt;01","0","1.9","","","&nbsp;","Y",\N
"1291","VOLKSWAGEN","GOLF IV (A4)","","1.9 TDI / 4-motion","130","00&gt;05","0","1.9","","","&nbsp;","Y",\N
"1292","VOLKSWAGEN","GOLF IV (A4)","","1.9 TDI / 4-motion","150","00&gt;05","0","1.9","","","&nbsp;","Y",\N
"1293","VOLKSWAGEN","GOLF IV (A4)","","1.9 TDI / 4-motion","90","97&gt;04","0","1.9","","","&nbsp;","Y",\N
"1294","VOLKSWAGEN","GOLF IV (A4)","","1.9 TDI","110","97&gt;04","0","1.9","","","&nbsp;","Y",\N
"1295","VOLKSWAGEN","GOLF IV (A4)","","1.9 TDI Cabrio","110","98&gt;02","0","1.9","","","&nbsp;","Y",\N
"1296","VOLKSWAGEN","GOLF IV (A4)","","1.9 TDI Cabrio","90","98&gt;02","0","1.9","","","&nbsp;","Y",\N
"1297","VOLKSWAGEN","GOLF IV (A4)","","2.8 i V6","204","99&gt;05","6","2.8","","","&nbsp;","Y",\N
"1298","VOLKSWAGEN","GOLF IV (A4)","","R32","241","02&gt;05","0",\N,"","","&nbsp;","Y",\N
"1299","VOLKSWAGEN","GOLF V (A5)","1K1","2.0 TFSI GTI","200","04&gt;08","0","2","AXX&#44; BWA&#44; BPY&#44; CBFA&#44; CCTA&#44; CAWB","Flat","","Y",\N
"1300","VOLKSWAGEN","GOLF V (A5)","1K1&#44; 1K5","1.9 TDI / 4-motion","105","03&gt;08","0","1.9","BKC&#44; BLS&#44; BXE","","","Y",\N
"1301","VOLKSWAGEN","GOLF V (A5)","1K1&#44; 1K5","2.0 TDI / 16V","140","04&gt;08","4","2","BMM&#44; BKD","","","Y",\N
"1302","VOLKSWAGEN","GOLF V (A5)","","1.4 GT TSI","170","05&gt;08","0","1.4","","","&nbsp;","Y",\N
"1303","VOLKSWAGEN","GOLF V (A5)","","1.4 TSI","140","06&gt;08","0","1.4","","","&nbsp;","Y",\N
"1304","VOLKSWAGEN","GOLF V (A5)","","1.6","102","04&gt;08","0","1.6","","","&nbsp;","Y",\N
"1305","VOLKSWAGEN","GOLF V (A5)","","2.0 FSI / 4-motion","150","01&gt;08","0","2","","","&nbsp;","Y",\N
"1306","VOLKSWAGEN","GOLF V (A5)","","2.0 TFSI GTI","200","04&gt;08","0","2","","","&nbsp;","Y",\N
"1307","VOLKSWAGEN","GOLF V (A5)","","R32 3.2 VR6","250","05&gt;08","0","3.2","","","&nbsp;","Y",\N
"1308","VOLKSWAGEN","GOLF V PLUS (A5)","","1.4 GT TSI","170","05&gt;08","0","1.4","","","&nbsp;","Y",\N
"1309","VOLKSWAGEN","GOLF V PLUS (A5)","","1.4 TSI","140","06&gt;08","0","1.4","","","&nbsp;","Y",\N
"1310","VOLKSWAGEN","GOLF V PLUS (A5)","","1.6 / Multifuel / Bifuel","102","05&gt;","0","1.6","","","&nbsp;","Y",\N
"1311","VOLKSWAGEN","GOLF V PLUS (A5)","","1.9 TDI / 4-motion","105","03&gt;08","0","1.9","","","&nbsp;","Y",\N
"1312","VOLKSWAGEN","GOLF V PLUS (A5)","","1.9 TDI","90","05&gt;08","0","1.9","","","&nbsp;","Y",\N
"1313","VOLKSWAGEN","GOLF V PLUS (A5)","","2.0 FSI","150","05&gt;08","0","2","","","&nbsp;","Y",\N
"1314","VOLKSWAGEN","GOLF V PLUS (A5)","","2.0 TDI","140","05&gt;09","0","2","","","&nbsp;","Y",\N
"1315","VOLKSWAGEN","GOLF V PLUS (A5)","","2.0 TDI 16V","140","05&gt;09","4","2","","","&nbsp;","Y",\N
"1316","VOLKSWAGEN","GOLF VI (A6)","1K","2.0 GTI 35 Edition","235","11&gt;","0","2","CDLG","Flat","","Y",\N
"1317","VOLKSWAGEN","GOLF VI (A6)","5K1","2.0 R","256","09&gt;","0","2","CDLC","Flat","","Y",\N
"1318","VOLKSWAGEN","GOLF VI (A6)","5K1","2.0 R","265","09&gt;","0","2","CDLA","Flat","","Y",\N
"1319","VOLKSWAGEN","GOLF VI (A6)","5K1","2.0 R","270","09&gt;","0","2","CDLF","Flat","","Y",\N
"1320","VOLKSWAGEN","GOLF VI (A6)","","2.0 TDI GTD","170","2009&gt;","0","2","","Flat","","Y",\N
"1321","VOLKSWAGEN","GOLF VI (A6)","","2.0 TSI","0","10&gt;","0","2","","Flat","","Y",\N
"1322","VOLKSWAGEN","GOLF VI (A6)","","GTI 1.8 TSI","0","10&gt;","0","1.8","","Flat","","Y",\N
"1323","VOLKSWAGEN","GOLF VI (A6)","5K1&#44; AJ5","1.4 TSI","160","08&gt;","0","1.4","CAVD","","","Y",\N
"1324","VOLKSWAGEN","GOLF VI (A6)","1KCCZ","2.0 TSI GTI","211","09&gt;","0","2","CCZ","","","Y",\N
"1325","VOLKSWAGEN","GOLF VII","","GTI","220","13&gt;","0",\N,"","Flat","","Y",\N
"1326","VOLKSWAGEN","GOLF VII","","GTI","230","13&gt;","0",\N,"","Flat","","Y",\N
"1327","VOLKSWAGEN","JETTA III (A3)","","1.6","101","97&gt;00","0","1.6","","","&nbsp;","Y",\N
"1328","VOLKSWAGEN","JETTA III (A3)","","2.8 i VR6","174","92&gt;97","0","2.8","","","&nbsp;","Y",\N
"1329","VOLKSWAGEN","JETTA IV (A4)","","1.6 16V","105","01&gt;05","4","1.6","","","&nbsp;","Y",\N
"1330","VOLKSWAGEN","JETTA IV (A4)","","1.8 GTI","180","01&gt;05","0","1.8","","","&nbsp;","Y",\N
"1331","VOLKSWAGEN","JETTA IV (A4)","","1.8 T","150","97&gt;05","0","1.8","","","&nbsp;","Y",\N
"1332","VOLKSWAGEN","JETTA IV (A4)","","1.9 TDI / 4-motion","101","00&gt;05","0","1.9","","","&nbsp;","Y",\N
"1333","VOLKSWAGEN","JETTA IV (A4)","","1.9 TDI / 4-motion","115","98&gt;01","0","1.9","","","&nbsp;","Y",\N
"1334","VOLKSWAGEN","JETTA IV (A4)","","1.9 TDI / 4-motion","130","00&gt;05","0","1.9","","","&nbsp;","Y",\N
"1335","VOLKSWAGEN","JETTA IV (A4)","","1.9 TDI / 4-motion","150","00&gt;05","0","1.9","","","&nbsp;","Y",\N
"1336","VOLKSWAGEN","JETTA IV (A4)","","1.9 TDI / 4-motion","90","97&gt;04","0","1.9","","","&nbsp;","Y",\N
"1337","VOLKSWAGEN","JETTA IV (A4)","","1.9 TDI","110","97&gt;04","0","1.9","","","&nbsp;","Y",\N
"1338","VOLKSWAGEN","JETTA IV (A4)","","1.9 TDI Cabrio","110","98&gt;02","0","1.9","","","&nbsp;","Y",\N
"1339","VOLKSWAGEN","JETTA IV (A4)","","1.9 TDI Cabrio","90","98&gt;02","0","1.9","","","&nbsp;","Y",\N
"1340","VOLKSWAGEN","JETTA IV (A4)","","2.8 i V6","204","99&gt;05","6","2.8","","","&nbsp;","Y",\N
"1341","VOLKSWAGEN","JETTA IV (A4)","","R32","241","02&gt;05","0",\N,"","","&nbsp;","Y",\N
"1342","VOLKSWAGEN","JETTA V (A5)","","1.8 TSI","0","08&gt;","0","1.8","","Flat","","Y",\N
"1343","VOLKSWAGEN","JETTA V (A5)","","2.0 TSI","0","08&gt;","0","2","","Flat","","Y",\N
"1344","VOLKSWAGEN","JETTA V (A5)","1K2","1.4 TSI","160","07&gt;10","0","1.4","CAVD","","","Y",\N
"1345","VOLKSWAGEN","JETTA V (A5)","","1.4 TSI","140","07&gt;10","0","1.4","","","&nbsp;","Y",\N
"1346","VOLKSWAGEN","JETTA V (A5)","","1.4 TSI","170","07&gt;10","0","1.4","","","&nbsp;","Y",\N
"1347","VOLKSWAGEN","JETTA V (A5)","","1.6","102","05&gt;10","0","1.6","","","&nbsp;","Y",\N
"1348","VOLKSWAGEN","JETTA V (A5)","","1.6 D","90","09&gt;10","0","1.6","","","&nbsp;","Y",\N
"1349","VOLKSWAGEN","JETTA V (A5)","","1.9 TDI","105","05&gt;10","0","1.9","","","&nbsp;","Y",\N
"1350","VOLKSWAGEN","JETTA V (A5)","","2.0 FSI","150","05&gt;10","0","2","","","&nbsp;","Y",\N
"1351","VOLKSWAGEN","JETTA V (A5)","","2.0 TDI","140","05&gt;10","0","2","","","&nbsp;","Y",\N
"1352","VOLKSWAGEN","JETTA V (A5)","","2.0 TFSI","200","05&gt;10","0","2","","","&nbsp;","Y",\N
"1353","VOLKSWAGEN","JETTA VI (A6)","","1.8 TSI","0","08&gt;","0","1.8","","Flat","","Y",\N
"1354","VOLKSWAGEN","JETTA VI (A6)","","2.0 TSI","0","08&gt;","0","2","","Flat","","Y",\N
"1355","VOLKSWAGEN","NEW BEETLE","","1.8 Turbo / Cabrio","150","00&gt;","0","1.8","","","&nbsp;","Y",\N
"1356","VOLKSWAGEN","PASSAT IV (B5) / VARIANT","","1.8 Turbo","150","96&gt;00","0","1.8","","","&nbsp;","Y",\N
"1357","VOLKSWAGEN","PASSAT V (B6) / VARIANT","3C2&#44; 3C5","2.0 TSI","210","10&gt;","0","2","CCZB","","","Y",\N
"1358","VOLKSWAGEN","PASSAT V (B6) / VARIANT","","1.6","102","05&gt;","0","1.6","","","&nbsp;","Y",\N
"1359","VOLKSWAGEN","PASSAT V (B6) / VARIANT","","2.0 FSI / 4-motion","150","05&gt;","0","2","","","&nbsp;","Y",\N
"1360","VOLKSWAGEN","PASSAT V (B6) / VARIANT","","2.0 FSI","200","05&gt;","0","2","","","&nbsp;","Y",\N
"1361","VOLKSWAGEN","PASSAT CC","","1.8 TSI","0","08&gt;","0","1.8","","Flat","","Y",\N
"1362","VOLKSWAGEN","PASSAT CC","","2.0 TSI","211","10&gt;","0","2","CCZB","","","Y",\N
"1363","VOLKSWAGEN","POLO IV","","1.9 TDI","101","01&gt;08","0","1.9","","","&nbsp;","Y",\N
"1364","VOLKSWAGEN","POLO V","6R","1.2 TDI Bluemotion","75","09&gt;","0","1.2","CFWA","Flat","","Y",\N
"1365","VOLKSWAGEN","POLO V","","1.4 TSI GTI","180","09&gt;","0","1.4","","","","Y",\N
"1366","VOLKSWAGEN","POLO V","6R","1.6 TDI","90","09&gt;","0","1.6","CAYB","Flat","","Y",\N
"1367","VOLKSWAGEN","RABBIT V (A5)","","1.4 GT TSI","170","05&gt;08","0","1.4","","","&nbsp;","Y",\N
"1368","VOLKSWAGEN","RABBIT V (A5)","","1.4 TSI","140","06&gt;08","0","1.4","","","&nbsp;","Y",\N
"1369","VOLKSWAGEN","RABBIT V (A5)","","1.6","102","04&gt;08","0","1.6","","","&nbsp;","Y",\N
"1370","VOLKSWAGEN","RABBIT V (A5)","","1.9 TDI / 4-motion","105","03&gt;08","0","1.9","","","&nbsp;","Y",\N
"1371","VOLKSWAGEN","RABBIT V (A5)","","1.9 TDI","90","04&gt;08","0","1.9","","","&nbsp;","Y",\N
"1372","VOLKSWAGEN","RABBIT V (A5)","","2.0 FSI / 4-motion","150","01&gt;08","0","2","","","&nbsp;","Y",\N
"1373","VOLKSWAGEN","RABBIT V (A5)","","2.0 TDI / 4-motion","140","04&gt;08","0","2","","","&nbsp;","Y",\N
"1374","VOLKSWAGEN","RABBIT V (A5)","","2.0 TDI 16V / 4-motion","140","03&gt;08","4","2","","","&nbsp;","Y",\N
"1375","VOLKSWAGEN","RABBIT V (A5)","","2.0 TFSI GTI","200","04&gt;08","0","2","","","&nbsp;","Y",\N
"1376","VOLKSWAGEN","RABBIT V (A5)","","R32 3.2 VR6","250","05&gt;08","0","3.2","","","&nbsp;","Y",\N
"1377","VOLKSWAGEN","SAGITAR (A5)","","1.4 TSI","140","07&gt;10","0","1.4","","","&nbsp;","Y",\N
"1378","VOLKSWAGEN","SAGITAR (A5)","","1.4 TSI","170","07&gt;10","0","1.4","","","&nbsp;","Y",\N
"1379","VOLKSWAGEN","SAGITAR (A5)","","1.6","102","05&gt;10","0","1.6","","","&nbsp;","Y",\N
"1380","VOLKSWAGEN","SAGITAR (A5)","","1.6 D","90","09&gt;10","0","1.6","","","&nbsp;","Y",\N
"1381","VOLKSWAGEN","SAGITAR (A5)","","1.9 TDI","105","05&gt;10","0","1.9","","","&nbsp;","Y",\N
"1382","VOLKSWAGEN","SAGITAR (A5)","","2.0 FSI","150","05&gt;10","0","2","","","&nbsp;","Y",\N
"1383","VOLKSWAGEN","SAGITAR (A5)","","2.0 TDI","140","05&gt;10","0","2","","","&nbsp;","Y",\N
"1384","VOLKSWAGEN","SAGITAR (A5)","","2.0 TFSI","200","05&gt;10","0","2","","","&nbsp;","Y",\N
"1385","VOLKSWAGEN","SCIROCCO III","137","2.0 R","256","10&gt;","0","2","CDLC","Flat","","Y",\N
"1386","VOLKSWAGEN","SCIROCCO III","","2.0 R","265","09&gt;","0","2","CDLA","Flat","","Y",\N
"1387","VOLKSWAGEN","SCIROCCO III","","1.4 TSI","160","08&gt;","0","1.4","CAVD","","","Y",\N
"1388","VOLKSWAGEN","SCIROCCO III","137","2.0 TSI","200","08&gt;","0","2","CAWB","","","Y",\N
"1389","VOLKSWAGEN","SCIROCCO III","137","2.0 TSI","210","08&gt;","0","2","CCZB","","","Y",\N
"1390","VOLKSWAGEN","SHARAN I","","1.8 T","150","97&gt;10","0","1.8","","","&nbsp;","Y",\N
"1391","VOLKSWAGEN","TIGUAN","","1.8 TSI","0","08&gt;","0","1.8","","Flat","","Y",\N
"1392","VOLKSWAGEN","TIGUAN","","2.0 TSI","0","08&gt;","0","2","","Flat","","Y",\N
"1393","VOLKSWAGEN","TOURAN","","2.0 FSI","150","03&gt;","0","2","","","&nbsp;","Y",\N
"1394","VOLKSWAGEN","TOURAN","","2.0 TDI 16V","140","03&gt;","4","2","","","&nbsp;","Y",\N
"1395","VOLKSWAGEN","VENTO (A5)","","1.4 TSI","140","07&gt;10","0","1.4","","","&nbsp;","Y",\N
"1396","VOLKSWAGEN","VENTO (A5)","","1.4 TSI","170","07&gt;10","0","1.4","","","&nbsp;","Y",\N
"1397","VOLKSWAGEN","VENTO (A5)","","1.6","102","05&gt;10","0","1.6","","","&nbsp;","Y",\N
"1398","VOLKSWAGEN","VENTO (A5)","","1.6 D","90","09&gt;10","0","1.6","","","&nbsp;","Y",\N
"1399","VOLKSWAGEN","VENTO (A5)","","1.9 TDI","105","05&gt;10","0","1.9","","","&nbsp;","Y",\N
"1400","VOLKSWAGEN","VENTO (A5)","","2.0 FSI","150","05&gt;10","0","2","","","&nbsp;","Y",\N
"1401","VOLKSWAGEN","VENTO (A5)","","2.0 TDI","140","05&gt;10","0","2","","","&nbsp;","Y",\N
"1402","VOLKSWAGEN","VENTO (A5)","","2.0 TFSI","200","05&gt;10","0","2","","","&nbsp;","Y",\N
"1403","VOLVO","C 70 I","","2.5 T5","220","98&gt;02","0","2.5","","","<a href=\"/cgi-bin/Images/CDA/31B-Volvo_C70_2.5T.jpg\" rel=\"prettyPhoto\">DETAILS</a>","Y",\N
"1404","VOLVO","S 40 I","","2.0 16V T","165","96&gt;04","4","2","","","<a href=\"/cgi-bin/Images/CDA/31A-Volvo_S40_2.0T.jpg\" rel=\"prettyPhoto\">DETAILS</a>","Y",\N
"1405","VOLVO","S 40 I","","2.0 16V T","200","96&gt;04","4","2","","","<a href=\"/cgi-bin/Images/CDA/31A-Volvo_S40_2.0T.jpg\" rel=\"prettyPhoto\">DETAILS</a>","Y",\N
"1406","VOLVO","V 70 I STATION WAGON","","2.3 T5","239","97&gt;00","0","2.3","","","<a href=\"/cgi-bin/Images/CDA/31C-Volvo_V70_T5.jpg\" rel=\"prettyPhoto\">DETAILS</a>","Y",\N
"1407","VOLVO","V 70 I STATION WAGON","","2.4 i GLT","144","97&gt;00","0","2.4","","","&nbsp;","Y",\N
"1408","VOLVO","V 70 I STATION WAGON","","2.4 i GLT","170","97&gt;00","0","2.4","","","&nbsp;","Y",\N
