"1","ALFA ROMEO","1","147","161321"
"2","ALFA ROMEO","1","156","161322"
"3","ALFA ROMEO","1","166","161323"
"4","ALFA ROMEO","1","4C","161329"
"5","ALFA ROMEO","1","ALFA 145","161312"
"6","ALFA ROMEO","1","ALFA 146","161313"
"7","ALFA ROMEO","1","ALFA 147","11622"
"8","ALFA ROMEO","1","ALFA 155","161314"
"9","ALFA ROMEO","1","ALFA 156","12"
"10","ALFA ROMEO","1","ALFA 159 / SPORTWAGON","161326"
"11","ALFA ROMEO","1","ALFA 166","11625"
"12","ALFA ROMEO","1","ALFA 33 I (905)","161318"
"13","ALFA ROMEO","1","ALFA 33 II (907)","161320"
"14","ALFA ROMEO","1","ALFASUD","161316"
"15","ALFA ROMEO","1","ARNA","161319"
"16","ALFA ROMEO","1","BRERA","161327"
"17","ALFA ROMEO","1","CROSSWAGON Q4","161324"
"18","ALFA ROMEO","1","GIULIETTA","161330"
"19","ALFA ROMEO","1","GT","11631"
"20","ALFA ROMEO","1","GTV (916C)","11632"
"21","ALFA ROMEO","1","MI.TO","161325"
"22","ALFA ROMEO","1","SPIDER (916S)","161315"
"23","ALFA ROMEO","1","SPIDER (939)","161328"
"24","ALFA ROMEO","1","SPRINT","161317"
"25","ALPINA","86","B10 I","161333"
"26","ALPINA","86","B10 II","161334"
"27","ALPINA","86","B12","161341"
"28","ALPINA","86","B3 I","161331"
"29","ALPINA","86","B3 II","161336"
"30","ALPINA","86","B3 III","161344"
"31","ALPINA","86","B5","161343"
"32","ALPINA","86","B7","161342"
"33","ALPINA","86","B8","161332"
"34","ALPINA","86","D III","161339"
"35","ALPINA","86","D10","161340"
"36","ALPINA","86","D5","161338"
"37","ALPINA","86","ROADSTER","161335"
"38","ALPINA","86","ROADSTER S","161337"
"39","AMC","101","AMBASSADOR","161345"
"40","AMC","101","AMX","161346"
"41","AMC","101","JAVELIN","161347"
"42","AMC","101","MATADOR","161348"
"43","ASTON MARTIN","87","DB9","161350"
"44","ASTON MARTIN","87","DBS","161349"
"45","ASTON MARTIN","87","RAPIDE","161351"
"46","ASTON MARTIN","87","VANQUISH","161353"
"47","ASTON MARTIN","87","VANTAGE","161352"
"48","AUDI","2","100 I","161371"
"49","AUDI","2","100 II (C2) / AVANT","139798"
"50","AUDI","2","100 III (C3) / AVANT","139799"
"51","AUDI","2","100 IV (C4) / AVANT","161360"
"52","AUDI","2","200 I","139801"
"53","AUDI","2","200 II","139802"
"54","AUDI","2","4000","161361"
"55","AUDI","2","5000","161362"
"56","AUDI","2","80 I (B1)","161370"
"57","AUDI","2","80 II (B2)","161367"
"58","AUDI","2","80 III (B3)","161358"
"59","AUDI","2","80 IV (B4)","11659"
"60","AUDI","2","90 I (B2)","161368"
"61","AUDI","2","90 II (B3)","161359"
"62","AUDI","2","A1","17941"
"63","AUDI","2","A2","161374"
"64","AUDI","2","A3 I","11668"
"65","AUDI","2","A3 II","11669"
"66","AUDI","2","A3 II / CABRIO","161378"
"67","AUDI","2","A3 II SPORTBACK","11671"
"68","AUDI","2","A3 III / CABRIO","148103"
"69","AUDI","2","A4 I (B5) / AVANT","11672"
"70","AUDI","2","A4 II","161375"
"71","AUDI","2","A4 II (B6) / AVANT","11673"
"72","AUDI","2","A4 II (B7) / AVANT","11675"
"73","AUDI","2","A4 III (8K) / AVANT","63435"
"74","AUDI","2","A4 III (8K, B8)","161382"
"75","AUDI","2","A5 / CABRIO","161383"
"76","AUDI","2","A5 / CABRIO / SPORTBACK","63436"
"77","AUDI","2","A6 I (C4) / AVANT","161363"
"78","AUDI","2","A6 II (C5) / AVANT","11680"
"79","AUDI","2","A6 III (4F/C6)","161381"
"80","AUDI","2","A6 IV (4G2/4G5)","161385"
"81","AUDI","2","A7 (4GA)","161386"
"82","AUDI","2","A8 I","161372"
"83","AUDI","2","A8 II","161377"
"84","AUDI","2","A8 III","161380"
"85","AUDI","2","ALLROAD II (4FH)","161384"
"86","AUDI","2","ALLROAD III (4GH)","161387"
"87","AUDI","2","ALLROAD QUATTRO (C5)","161354"
"88","AUDI","2","CABRIOLET (B4)","161355"
"89","AUDI","2","COUPE' I","161369"
"90","AUDI","2","COUPE' II","161364"
"91","AUDI","2","Q3","161379"
"92","AUDI","2","Q5","63448"
"93","AUDI","2","Q7","161376"
"94","AUDI","2","R8","1242"
"95","AUDI","2","R8 SPYDER","3916"
"96","AUDI","2","RS2","161365"
"97","AUDI","2","RS4 I","11694"
"98","AUDI","2","RS4 II","161356"
"99","AUDI","2","S2","11697"
"100","AUDI","2","S3 I","11698"
"101","AUDI","2","S3 II","3693"
"102","AUDI","2","S4","11699"
"103","AUDI","2","S6 I","161366"
"104","AUDI","2","S6 II","161357"
"105","AUDI","2","S8","161373"
"106","AUDI","2","TT I / ROADSTER","11703"
"107","AUDI","2","TT II / ROADSTER","3695"
"108","AUTOBIANCHI","88","Y10","161388"
"109","BENTLEY","85","CONTINENTAL","161389"
"110","BENTLEY","85","CORNICHE","161390"
"111","BENTLEY","85","MULSANNE","161391"
"112","BMW","3","1 Series (E81/E82/E87/E88)","161400"
"113","BMW","3","1 Series (F20/F21)","161429"
"114","BMW","3","1 Series COUPE' (E82)","57829"
"115","BMW","3","2 Series (F22)","161431"
"116","BMW","3","2500","161411"
"117","BMW","3","3 Series (E21)","161412"
"118","BMW","3","3 Series (E30)","161396"
"119","BMW","3","3 Series (E36)","11717"
"120","BMW","3","3 Series (E46)","11718"
"121","BMW","3","3 Series (E90)","3619"
"122","BMW","3","3 Series (E90/E91)","161415"
"123","BMW","3","3 Series (E90/E91/E92)","161416"
"124","BMW","3","3 Series (E90/E91/E92/E93)","161401"
"125","BMW","3","3 Series (E90/E92)","161414"
"126","BMW","3","3 Series (F30/F31/F80)","161423"
"127","BMW","3","3 Series CABRIOLET (E93)","3622"
"128","BMW","3","3 Series COUPE' (E92)","3621"
"129","BMW","3","3 Series GT (F34)","161430"
"130","BMW","3","3 Series TOURING (E91)","3620"
"131","BMW","3","4 Series (F32/F33/F36/F82)","161424"
"132","BMW","3","5 Series (E12)","161413"
"133","BMW","3","5 Series (E34)","161392"
"134","BMW","3","5 Series (E39)","11723"
"135","BMW","3","5 Series (E60)","161403"
"136","BMW","3","5 Series (E60/E61)","161402"
"137","BMW","3","5 Series (F10/F11/F18)","161419"
"138","BMW","3","5 Series GT (F07)","161425"
"139","BMW","3","5 Series TOURING (E61)","161404"
"140","BMW","3","6 Series (E63/E64)","161409"
"141","BMW","3","6 Series (F12/F13)","161421"
"142","BMW","3","6 Series Gran Coupè (F06)","161422"
"143","BMW","3","7 Series (E32)","161393"
"144","BMW","3","7 Series (E38)","11736"
"145","BMW","3","7 Series (E65)","161405"
"146","BMW","3","7 Series (F01/F02/F03/F04)","161420"
"147","BMW","3","7 Series LONG (E66)","161406"
"148","BMW","3","8 Series (E31)","161394"
"149","BMW","3","X 1 (E84)","161417"
"150","BMW","3","X 3 (E83)","161398"
"151","BMW","3","X 3 (F25)","161426"
"152","BMW","3","X 4 (F26)","161428"
"153","BMW","3","X 5 (E53)","11745"
"154","BMW","3","X 5 (E70)","161407"
"155","BMW","3","X 5 (F15)","161427"
"156","BMW","3","X 6 (E71)","161408"
"157","BMW","3","Z 1 ROADSTER (E30)","161397"
"158","BMW","3","Z 3 COUPE' (E36/8)","161399"
"159","BMW","3","Z 3 ROADSTER (E36/7)","11749"
"160","BMW","3","Z 4 (E85/E86)","161410"
"161","BMW","3","Z 4 (E89)","161418"
"162","BMW","3","Z 4 ROADSTER (E85)","11751"
"163","BMW","3","Z 8 (E52)","161395"
"164","BUICK","102","APOLLO","161433"
"165","BUICK","102","CENTURION","161434"
"166","BUICK","102","CENTURY","161435"
"167","BUICK","102","ELECTRA","161436"
"168","BUICK","102","ESTATE WAGON","161437"
"169","BUICK","102","EXCELLENCE XT","161449"
"170","BUICK","102","GS 350","161438"
"171","BUICK","102","GS 400","161439"
"172","BUICK","102","GS 455","161440"
"173","BUICK","102","LESABRE","161441"
"174","BUICK","102","REGAL I","161442"
"175","BUICK","102","REGAL V","161448"
"176","BUICK","102","RIVIERA","161443"
"177","BUICK","102","SAIL","161432"
"178","BUICK","102","SKYLARK","161444"
"179","BUICK","102","SPECIAL","161445"
"180","BUICK","102","SPORTWAGON","161446"
"181","BUICK","102","WILDCAT","161447"
"182","ABARTH","116","500","13650"
"183","ABARTH","116","500 / C","161310"
"184","ABARTH","116","GRANDE PUNTO","11615"
"185","ABARTH","116","PUNTO EVO","11616"
"186","ABARTH","116","STILO","161311"
"187","CADILLAC","76","BLS","161451"
"188","CADILLAC","76","CATERA","161452"
"189","CADILLAC","76","CTS-V","161450"
"190","CADILLAC","76","ELDORADO","161453"
"191","CADILLAC","76","SEVILLE","161454"
"192","CADILLAC","76","XLR","161455"
"193","CHEVROLET","61","ASCONA","161463"
"194","CHEVROLET","61","ASTRA I","161459"
"195","CHEVROLET","61","ASTRA II","11781"
"196","CHEVROLET","61","ASTRA III","161467"
"197","CHEVROLET","61","AVEO 4 (T200-T250)","161513"
"198","CHEVROLET","61","AVEO 5 (T200-T250)","161514"
"199","CHEVROLET","61","BEAT / GT / ECO LOGIC","161511"
"200","CHEVROLET","61","BEL AIR","161484"
"201","CHEVROLET","61","BISCAYNE","161485"
"202","CHEVROLET","61","C10 PICKUP","161486"
"203","CHEVROLET","61","C10 SUBURBAN","161487"
"204","CHEVROLET","61","C20 PICKUP","161488"
"205","CHEVROLET","61","C20 SUBURBAN","161489"
"206","CHEVROLET","61","C30 PICKUP","161490"
"207","CHEVROLET","61","CALIBRA","161470"
"208","CHEVROLET","61","CAMARO","161492"
"209","CHEVROLET","61","CANYON","161516"
"210","CHEVROLET","61","CAPRICE","161491"
"211","CHEVROLET","61","CAPTIVA SPORT","161506"
"212","CHEVROLET","61","CHEVAIR","161464"
"213","CHEVROLET","61","CHEVELLE","161493"
"214","CHEVROLET","61","CHEVY II","161494"
"215","CHEVROLET","61","COLORADO","161517"
"216","CHEVROLET","61","COMBO B","161460"
"217","CHEVROLET","61","COMBO C","161476"
"218","CHEVROLET","61","CORSA","161461"
"219","CHEVROLET","61","CORVETTE","161478"
"220","CHEVROLET","61","CORVETTE Z06","161479"
"221","CHEVROLET","61","CORVETTE ZR-1","161507"
"222","CHEVROLET","61","CRUZE","161508"
"223","CHEVROLET","61","EL CAMINO","161495"
"224","CHEVROLET","61","EXPRESS 1500","161482"
"225","CHEVROLET","61","EXPRESS 2500","161481"
"226","CHEVROLET","61","EXPRESS 3500","161480"
"227","CHEVROLET","61","FRONTERA","161456"
"228","CHEVROLET","61","IMPALA","161496"
"229","CHEVROLET","61","K10 PICKUP","161497"
"230","CHEVROLET","61","K10 SUBURBAN","161498"
"231","CHEVROLET","61","K20 PICKUP","161499"
"232","CHEVROLET","61","K30 PICKUP","161500"
"233","CHEVROLET","61","KALOS","161515"
"234","CHEVROLET","61","LACETTI","161518"
"235","CHEVROLET","61","LUV","161510"
"236","CHEVROLET","61","MALIBU","161501"
"237","CHEVROLET","61","MATIZ","161474"
"238","CHEVROLET","61","MONTE CARLO","161502"
"239","CHEVROLET","61","MONZA","161465"
"240","CHEVROLET","61","NABIRA","11825"
"241","CHEVROLET","61","NOVA","161503"
"242","CHEVROLET","61","OMEGA / SUPREMA","161457"
"243","CHEVROLET","61","ORLANDO","161509"
"244","CHEVROLET","61","P20 VAN","161504"
"245","CHEVROLET","61","P30","161483"
"246","CHEVROLET","61","P30 VAN","161505"
"247","CHEVROLET","61","PRIZM","161475"
"248","CHEVROLET","61","RODEO","161458"
"249","CHEVROLET","61","SAN REMO","161466"
"250","CHEVROLET","61","SPARK","161512"
"251","CHEVROLET","61","SS","161519"
"252","CHEVROLET","61","TIGRA","161462"
"253","CHEVROLET","61","TIGRA TWIN TOP","161477"
"254","CHEVROLET","61","VECTRA I","161471"
"255","CHEVROLET","61","VECTRA II","161469"
"256","CHEVROLET","61","VECTRA III / GTS","161472"
"257","CHEVROLET","61","VIVA","161473"
"258","CHEVROLET","61","ZAFIRA I","11844"
"259","CHEVROLET","61","ZAFIRA II","161468"
"260","CITRO&#203;N","5","AX","161535"
"261","CITRO&#203;N","5","BERLINGO I (MF)","161536"
"262","CITRO&#203;N","5","BERLINGO II","161557"
"263","CITRO&#203;N","5","BX","161542"
"264","CITRO&#203;N","5","C 15","161537"
"265","CITRO&#203;N","5","C 8","161543"
"266","CITRO&#203;N","5","C1","11864"
"267","CITRO&#203;N","5","C2","11865"
"268","CITRO&#203;N","5","C3 I","11866"
"269","CITRO&#203;N","5","C3 II","161553"
"270","CITRO&#203;N","5","C3 PICASSO","161562"
"271","CITRO&#203;N","5","C3 PLURIEL","161554"
"272","CITRO&#203;N","5","C4","161565"
"273","CITRO&#203;N","5","C4 AIRCROSS","161566"
"274","CITRO&#203;N","5","C4 I","161533"
"275","CITRO&#203;N","5","C4 I COUPÉ","161534"
"276","CITRO&#203;N","5","C4 I GRAND PICASSO","161548"
"277","CITRO&#203;N","5","C4 I PICASSO","161549"
"278","CITRO&#203;N","5","C4 II","161558"
"279","CITRO&#203;N","5","C4 PICASSO II/GRAND PICASSO II","161567"
"280","CITRO&#203;N","5","C4 PICASSO/GRAND PICASSO","161568"
"281","CITRO&#203;N","5","C5 I","161544"
"282","CITRO&#203;N","5","C5 I BREAK","161545"
"283","CITRO&#203;N","5","C5 II","161551"
"284","CITRO&#203;N","5","C5 II / BREAK","161552"
"285","CITRO&#203;N","5","C8","161569"
"286","CITRO&#203;N","5","C-CROSSER","161564"
"287","CITRO&#203;N","5","Dispatch II","161570"
"288","CITRO&#203;N","5","DS3","161559"
"289","CITRO&#203;N","5","DS4","161560"
"290","CITRO&#203;N","5","DS5","161561"
"291","CITRO&#203;N","5","EVASION","161546"
"292","CITRO&#203;N","5","JUMPY I","161547"
"293","CITRO&#203;N","5","JUMPY II","161563"
"294","CITRO&#203;N","5","NEMO","161555"
"295","CITRO&#203;N","5","SAXO","11887"
"296","CITRO&#203;N","5","VISA","161541"
"297","CITRO&#203;N","5","XANTIA I / BREAK","161539"
"298","CITRO&#203;N","5","XANTIA II / BREAK","161540"
"299","CITRO&#203;N","5","XSARA","161556"
"300","CITRO&#203;N","5","XSARA / BREAK / COUPÉ","11891"
"301","CITRO&#203;N","5","XSARA PICASSO","161550"
"302","CITRO&#203;N","5","ZX","161538"
"303","DACIA","75","DOKKER","161575"
"304","DACIA","75","DUSTER","161571"
"305","DACIA","75","DUSTER II","161576"
"306","DACIA","75","LODGY","161577"
"307","DACIA","75","LOGAN","161572"
"308","DACIA","75","LOGAN II","161578"
"309","DACIA","75","SANDERO","161573"
"310","DACIA","75","SANDERO II","161579"
"311","DACIA","75","SOLENZA","161574"
"312","DAEWOO","17","KALOS","161584"
"313","DAEWOO","17","LANOS","161580"
"314","DAEWOO","17","MATIZ","161581"
"315","DAEWOO","17","MATIZ CREATIVE","161583"
"316","DAEWOO","17","WINSTORM MAXX","161582"
"317","DAIHATSU","70","FOURTRACK","161585"
"318","DAIHATSU","70","SIRION","161587"
"319","DAIHATSU","70","TAFT","161586"
"320","DAIHATSU","70","TARUNA","161588"
"321","DAIHATSU","70","TERIOS I","161589"
"322","DAIHATSU","70","TERIOS II","161590"
"323","DAIHATSU","70","XENIA","161591"
"324","DODGE","60","440","161601"
"325","DODGE","60","880","161602"
"326","DODGE","60","A100","161603"
"327","DODGE","60","ASPEN","161604"
"328","DODGE","60","B100 VAN","161605"
"329","DODGE","60","B150 VAN","161606"
"330","DODGE","60","B1500 VAN","161612"
"331","DODGE","60","B200 VAN","161607"
"332","DODGE","60","B250 VAN","161608"
"333","DODGE","60","B2500 VAN","161613"
"334","DODGE","60","B300","161609"
"335","DODGE","60","B300 VAN","161610"
"336","DODGE","60","B350 VAN","161611"
"337","DODGE","60","B3500 VAN","161614"
"338","DODGE","60","CARAVAN","161593"
"339","DODGE","60","CB300","161615"
"340","DODGE","60","CHALLENGER","161616"
"341","DODGE","60","CHARGER","161617"
"342","DODGE","60","COLT","161596"
"343","DODGE","60","CORONET","161618"
"344","DODGE","60","CUSTOM","161619"
"345","DODGE","60","D100","161620"
"346","DODGE","60","D100 PICKUP","161621"
"347","DODGE","60","D150","161623"
"348","DODGE","60","D200","161624"
"349","DODGE","60","D200 PICKUP","161625"
"350","DODGE","60","D250","161627"
"351","DODGE","60","D300","161628"
"352","DODGE","60","D300 PICKUP","161629"
"353","DODGE","60","D350","161631"
"354","DODGE","60","D400 PICKUP","161632"
"355","DODGE","60","D450 PICKUP","161633"
"356","DODGE","60","DAKOTA","161634"
"357","DODGE","60","DART","161635"
"358","DODGE","60","DIPLOMAT","161636"
"359","DODGE","60","GRAND CARAVAN","161594"
"360","DODGE","60","M300","161637"
"361","DODGE","60","M350","161638"
"362","DODGE","60","MAGNUM","161639"
"363","DODGE","60","MIRADA","161640"
"364","DODGE","60","MONACO","161592"
"365","DODGE","60","MOTORHOME","161641"
"366","DODGE","60","NEON","161595"
"367","DODGE","60","NITRO","161600"
"368","DODGE","60","P200","161642"
"369","DODGE","60","P300","161643"
"370","DODGE","60","P375","161644"
"371","DODGE","60","POLARA","161645"
"372","DODGE","60","RAM 1500 PICKUP","161662"
"373","DODGE","60","RAM 1500 VAN","161646"
"374","DODGE","60","RAM 2500 PICKUP","161663"
"375","DODGE","60","RAM 2500 VAN","161647"
"376","DODGE","60","RAM 3500 PICKUP","161664"
"377","DODGE","60","RAM 3500 VAN","161648"
"378","DODGE","60","RAM 50","161597"
"379","DODGE","60","RAMCHARGER","161649"
"380","DODGE","60","RD200","161650"
"381","DODGE","60","ROYAL MONACO","161651"
"382","DODGE","60","ST.REGIS","161652"
"383","DODGE","60","STEALTH","161598"
"384","DODGE","60","VIPER","161599"
"385","DODGE","60","W100","161653"
"386","DODGE","60","W100 PICKUP","161654"
"387","DODGE","60","W100 SERIES","161622"
"388","DODGE","60","W150 PICKUP","161655"
"389","DODGE","60","W200","161656"
"390","DODGE","60","W200 PICKUP","161657"
"391","DODGE","60","W200 SERIES","161626"
"392","DODGE","60","W250 PICKUP","161658"
"393","DODGE","60","W300","161659"
"394","DODGE","60","W300 PICKUP","161660"
"395","DODGE","60","W300 SERIES","161630"
"396","DODGE","60","W350 PICKUP","161661"
"397","CHRYSLER","4","300C","161527"
"398","CHRYSLER","4","CORDOBA","161528"
"399","CHRYSLER","4","CROSSFIRE","161520"
"400","CHRYSLER","4","FIFTH AVENUE","161529"
"401","CHRYSLER","4","IMPERIAL","161530"
"402","CHRYSLER","4","LE BARON","161521"
"403","CHRYSLER","4","NEON","161522"
"404","CHRYSLER","4","NEW YORKER","161532"
"405","CHRYSLER","4","NEWPORT","161531"
"406","CHRYSLER","4","PROWLER","161523"
"407","CHRYSLER","4","PT CRUISER","11856"
"408","CHRYSLER","4","TOWN &amp; COUNTRY VAN","161524"
"409","CHRYSLER","4","VOYAGER (ES)","161525"
"410","CHRYSLER","4","VOYAGER II (GS)","161526"
"411","DR","124","DR1","161665"
"412","EAGLE","96","PREMIER","161666"
"413","EAGLE","96","SUMMIT","161667"
"414","FERRARI","6","355","11982"
"415","FERRARI","6","360","161672"
"416","FERRARI","6","456 GT","161669"
"417","FERRARI","6","458 ITALIA","1241"
"418","FERRARI","6","458 SPIDER","161680"
"419","FERRARI","6","550 MARANELLO","161670"
"420","FERRARI","6","575M MARANELLO","161673"
"421","FERRARI","6","612","161674"
"422","FERRARI","6","CALIFORNIA","161676"
"423","FERRARI","6","F12 BERLINETTA","161679"
"424","FERRARI","6","F355","161668"
"425","FERRARI","6","F40","161671"
"426","FERRARI","6","F430","161675"
"427","FERRARI","6","F599","161677"
"428","FERRARI","6","FF","161678"
"429","FIAT","7","124","161685"
"430","FIAT","7","131","161686"
"431","FIAT","7","132","161687"
"432","FIAT","7","500 / 500C","11995"
"433","FIAT","7","500 L","161705"
"434","FIAT","7","ALBEA","161712"
"435","FIAT","7","ARGENTA","161688"
"436","FIAT","7","BARCHETTA","161725"
"437","FIAT","7","BRAVA","161681"
"438","FIAT","7","BRAVO I","12000"
"439","FIAT","7","BRAVO II","161706"
"440","FIAT","7","CINQUECENTO","161691"
"441","FIAT","7","COUPE'","12003"
"442","FIAT","7","CROMA II (194)","161711"
"443","FIAT","7","DOBLO' I","161703"
"444","FIAT","7","DOBLO' II","161707"
"445","FIAT","7","FIORINO","161713"
"446","FIAT","7","GRANDE PUNTO","12021"
"447","FIAT","7","GRANDE PUNTO VAN","161718"
"448","FIAT","7","IDEA","161702"
"449","FIAT","7","LINEA","161715"
"450","FIAT","7","MAREA","161682"
"451","FIAT","7","MAREA WEEKEND","161683"
"452","FIAT","7","MARENGO","161695"
"453","FIAT","7","MULTIPLA","161704"
"454","FIAT","7","PALIO","161719"
"455","FIAT","7","PANDA I (141A)","161698"
"456","FIAT","7","PANDA II (169A)","12016"
"457","FIAT","7","PANDA III (139)","161716"
"458","FIAT","7","PETRA","161720"
"459","FIAT","7","PUNTO EVO","161708"
"460","FIAT","7","PUNTO I (176)","161684"
"461","FIAT","7","PUNTO II (188)","12020"
"462","FIAT","7","PUNTO III (199)","161709"
"463","FIAT","7","QUBO","161714"
"464","FIAT","7","REGATA","161689"
"465","FIAT","7","RITMO","161690"
"466","FIAT","7","SCUDO","161717"
"467","FIAT","7","SCUDO (220)","161699"
"468","FIAT","7","SCUDO II","161724"
"469","FIAT","7","SEDICI","161710"
"470","FIAT","7","SEICENTO","161692"
"471","FIAT","7","SIENA","161721"
"472","FIAT","7","STILO","12031"
"473","FIAT","7","STRADA","161722"
"474","FIAT","7","TEMPRA","161696"
"475","FIAT","7","TEMPRA S.W.","161697"
"476","FIAT","7","TIPO","161693"
"477","FIAT","7","ULYSSE I","161700"
"478","FIAT","7","ULYSSE II","161701"
"479","FIAT","7","UNO","161694"
"480","FIAT","7","WEEKEND","161723"
"481","FORD","18","AEROSTAR","161752"
"482","FORD","18","B-MAX","161831"
"483","FORD","18","BRONCO II","161732"
"484","FORD","18","CAPRI III","161749"
"485","FORD","18","C-MAX I","161801"
"486","FORD","18","C-MAX II","161802"
"487","FORD","18","CONTOUR","161758"
"488","FORD","18","COUGAR","161733"
"489","FORD","18","COUNTRY SEDAN","161773"
"490","FORD","18","COUNTRY SQUIRE","161774"
"491","FORD","18","COURIER","161726"
"492","FORD","18","CUSTOM","161775"
"493","FORD","18","CUSTOM 500","161776"
"494","FORD","18","E100 ECONOLINE","161777"
"495","FORD","18","E150","161778"
"496","FORD","18","E150 CLUBWAGON","161805"
"497","FORD","18","E150 ECONOLINE","161734"
"498","FORD","18","E150 ECONOLINE CLUBWAGON","161735"
"499","FORD","18","E250","161806"
"500","FORD","18","E250 ECONOLINE","161736"
"501","FORD","18","E250 ECONOLINE CLUBWAGON","161737"
"502","FORD","18","E250 SUPER DUTY","161807"
"503","FORD","18","E350 CLUBWAGON","161808"
"504","FORD","18","E350 CUTAWAY","161779"
"505","FORD","18","E350 ECONOLINE","161738"
"506","FORD","18","E350 ECONOLINE CLUBWAGON","161739"
"507","FORD","18","E350 SUPER DUTY","161809"
"508","FORD","18","E450 CUTAWAY","161810"
"509","FORD","18","E450 ECONOLINE SUPER DUTY","161811"
"510","FORD","18","E450 MOTORHOME","161812"
"511","FORD","18","E450 SUPER DUTY","161813"
"512","FORD","18","E450 SUPER DUTY (stripped chassis)","161814"
"513","FORD","18","E550 ECONOLINE SUPER DUTY","161815"
"514","FORD","18","E550 MOTORHOME","161816"
"515","FORD","18","ECONOLINE SUPER DUTY","161817"
"516","FORD","18","ECOSPORT","161832"
"517","FORD","18","EDGE","161827"
"518","FORD","18","ESCORT","12075"
"519","FORD","18","EXCURSION","161818"
"520","FORD","18","EXPEDITION","161819"
"521","FORD","18","EXPLORER","161753"
"522","FORD","18","F SUPER DUTY","161745"
"523","FORD","18","F100","161780"
"524","FORD","18","F100 PICKUP","161781"
"525","FORD","18","F150","161740"
"526","FORD","18","F150 HERITAGE","161820"
"527","FORD","18","F250","161741"
"528","FORD","18","F250 PICKUP","161782"
"529","FORD","18","F250 SUPER DUTY","161821"
"530","FORD","18","F350","161742"
"531","FORD","18","F350 PICKUP","161783"
"532","FORD","18","F350 SUPER DUTY","161822"
"533","FORD","18","F450","161743"
"534","FORD","18","F450 SUPER DUTY","161823"
"535","FORD","18","F500","161784"
"536","FORD","18","F53","161744"
"537","FORD","18","F550 SUPER DUTY","161824"
"538","FORD","18","FAIRLANE","161785"
"539","FORD","18","FAIRMONT","161770"
"540","FORD","18","FALCON","161751"
"541","FORD","18","FALCON FG (SEDAN, CAB CHASSIS,  UTILITY, SW)","12099"
"542","FORD","18","FIESTA IV","12100"
"543","FORD","18","FIESTA V","12101"
"544","FORD","18","FIESTA VI","161767"
"545","FORD","18","FLEX","161828"
"546","FORD","18","FOCUS C-MAX","161769"
"547","FORD","18","FOCUS I","161761"
"548","FORD","18","FOCUS II","161768"
"549","FORD","18","FOCUS II / CABRIOLET / WAGON","1546"
"550","FORD","18","FOCUS III","161803"
"551","FORD","18","FUSION","161766"
"552","FORD","18","GALAXIE 500","161786"
"553","FORD","18","GALAXY I","161764"
"554","FORD","18","GALAXY II","161796"
"555","FORD","18","GRAN TORINO","161787"
"556","FORD","18","GRANADA","161728"
"557","FORD","18","KA' II","161772"
"558","FORD","18","KA’ I","161754"
"559","FORD","18","KUGA I","161804"
"560","FORD","18","LTD","161788"
"561","FORD","18","MAVERICK","161789"
"562","FORD","18","MAVERICK (UDS, UNS)","161760"
"563","FORD","18","MAVERICK (Y60)","161759"
"564","FORD","18","MONDEO I","161746"
"565","FORD","18","MONDEO III","161765"
"566","FORD","18","MONDEO IV","161797"
"567","FORD","18","MOTORHOME – CLASS C","161747"
"568","FORD","18","MUSTANG","161790"
"569","FORD","18","MUSTANG GT","12126"
"570","FORD","18","MUSTANG GT BULLITT","161825"
"571","FORD","18","MUSTANG MACH 1","161826"
"572","FORD","18","MUSTANG SVT COBRA","161799"
"573","FORD","18","ORION","161750"
"574","FORD","18","P-350","161791"
"575","FORD","18","PROBE","161727"
"576","FORD","18","PUMA","12133"
"577","FORD","18","RANCH WAGON","161792"
"578","FORD","18","RANCHERO","161793"
"579","FORD","18","RANGER","161755"
"580","FORD","18","SCORPIO","161730"
"581","FORD","18","SIERRA","161731"
"582","FORD","18","S-MAX","161798"
"583","FORD","18","STREET KA'","161729"
"584","FORD","18","TAURUS","161756"
"585","FORD","18","TAURUS SHO","161830"
"586","FORD","18","TAURUS X","161829"
"587","FORD","18","TEMPO","161800"
"588","FORD","18","TERRITORY","161771"
"589","FORD","18","THUNDERBIRD","161794"
"590","FORD","18","TORINO","161795"
"591","FORD","18","TOURNEO CONNECT","161762"
"592","FORD","18","TRANSIT","161748"
"593","FORD","18","TRANSIT / TOURNEO COURIER","161833"
"594","FORD","18","TRANSIT CONNECT","161763"
"595","FORD","18","WINDSTAR","161757"
"596","FPV","125","BOSS 355 GT","161834"
"597","FPV","125","GS","161835"
"598","FPV","125","GS UTE","161836"
"599","FPV","125","GT E","161837"
"600","FPV","125","GT-P","161838"
"601","GEO","103","PRIZM","161839"
"602","GMC","92","C15 PICKUP","161844"
"603","GMC","92","C1500 PICKUP","161847"
"604","GMC","92","C25 PICKUP","161845"
"605","GMC","92","C2500 PICKUP","161848"
"606","GMC","92","C35 PICKUP","161846"
"607","GMC","92","C3500 PICKUP","161849"
"608","GMC","92","K15 PICKUP","161850"
"609","GMC","92","K1500 PICKUP","161853"
"610","GMC","92","K25 PICKUP","161851"
"611","GMC","92","K2500 PICKUP","161854"
"612","GMC","92","K35 PICKUP","161852"
"613","GMC","92","K3500 PICKUP","161855"
"614","GMC","92","MOTORHOME","161856"
"615","GMC","92","P3500","161840"
"616","GMC","92","SAVANA 1500","161843"
"617","GMC","92","SAVANA 2500","161842"
"618","GMC","92","SAVANA 3500","161841"
"619","GMC","92","TERRAIN","161857"
"620","HUMMER","117","H3","12221"
"621","HUMMER","117","H3T","161895"
"622","KTM","84","X-BOW","161994"
"623","LOTUS","10","ELISE I","162054"
"624","LOTUS","10","ELISE II","162056"
"625","LOTUS","10","EVORA","84368"
"626","LOTUS","10","EXIGE","162055"
"627","SEAT","32","ALHAMBRA I","162671"
"628","SEAT","32","ALHAMBRA II","162675"
"629","SEAT","32","ALTEA","12929"
"630","SEAT","32","ALTEA / XL","162674"
"631","SEAT","32","ALTEA XL","12930"
"632","SEAT","32","AROSA","12931"
"633","SEAT","32","CORDOBA I","162665"
"634","SEAT","32","CORDOBA II","12933"
"635","SEAT","32","EXEO","162672"
"636","SEAT","32","IBIZA II (6K)","162666"
"637","SEAT","32","IBIZA II (6K2)","12936"
"638","SEAT","32","IBIZA III","12937"
"639","SEAT","32","IBIZA IV","3944"
"640","SEAT","32","IBIZA V","162676"
"641","SEAT","32","INCA","162667"
"642","SEAT","32","LEON I","12939"
"643","SEAT","32","LEON II","12940"
"644","SEAT","32","LEON III","162677"
"645","SEAT","32","MARBELLA","162668"
"646","SEAT","32","TERRA","141110"
"647","SEAT","32","TOLEDO I","162669"
"648","SEAT","32","TOLEDO II","162670"
"649","SEAT","32","TOLEDO III","12944"
"650","SEAT","32","TOLEDO IV","162673"
"651","HOLDEN","19","ADVENTRA","161870"
"652","HOLDEN","19","ASTRA III","161858"
"653","HOLDEN","19","ASTRA IV","161868"
"654","HOLDEN","19","ASTRA V","161862"
"655","HOLDEN","19","BARINA SB","161859"
"656","HOLDEN","19","BARINA XC","161874"
"657","HOLDEN","19","CALAIS","161871"
"658","HOLDEN","19","CALIBRA","161864"
"659","HOLDEN","19","CAMIRA","161877"
"660","HOLDEN","19","CAPTIVA","161878"
"661","HOLDEN","19","COLORADO","161880"
"662","HOLDEN","19","COMBO B","161860"
"663","HOLDEN","19","COMBO C","161875"
"664","HOLDEN","19","COMMODORE VE","12187"
"665","HOLDEN","19","COMMODORE VF","161881"
"666","HOLDEN","19","COMMODORE VG","12188"
"667","HOLDEN","19","COMMODORE VL","12189"
"668","HOLDEN","19","COMMODORE VN","12190"
"669","HOLDEN","19","COMMODORE VP","12191"
"670","HOLDEN","19","COMMODORE VR","12192"
"671","HOLDEN","19","COMMODORE VS","12193"
"672","HOLDEN","19","COMMODORE VT (I)","12194"
"673","HOLDEN","19","COMMODORE VT (II)","12195"
"674","HOLDEN","19","COMMODORE VU","12196"
"675","HOLDEN","19","COMMODORE VX","12197"
"676","HOLDEN","19","COMMODORE VY","12198"
"677","HOLDEN","19","MONARO","161872"
"678","HOLDEN","19","RODEO","161879"
"679","HOLDEN","19","STATESMAN VQ","161865"
"680","HOLDEN","19","STATESMAN VR","161866"
"681","HOLDEN","19","STATESMAN VS","161867"
"682","HOLDEN","19","STATESMAN WH","161873"
"683","HOLDEN","19","TIGRA","161861"
"684","HOLDEN","19","TIGRA TWIN TOP","161876"
"685","HOLDEN","19","VECTRA I","161863"
"686","HOLDEN","19","VECTRA II / GTS","161869"
"687","HOLDEN","19","ZAFIRA","12208"
"688","HONDA","8","ACCORD VII","161888"
"689","HONDA","8","CIVIC V","161883"
"690","HONDA","8","CIVIC VI","161884"
"691","HONDA","8","CIVIC VIII","161889"
"692","HONDA","8","CR-V I","161885"
"693","HONDA","8","CR-V III","161893"
"694","HONDA","8","CR-Z","161894"
"695","HONDA","8","FIT","161891"
"696","HONDA","8","HR-V","161886"
"697","HONDA","8","JAZZ II","161890"
"698","HONDA","8","JAZZ III","161892"
"699","HONDA","8","ODYSSEY","161882"
"700","HONDA","8","PRELUDE","161887"
"701","HYUNDAI","20","ACCENT III","161913"
"702","HYUNDAI","20","ACCENT IV","161920"
"703","HYUNDAI","20","AVANTE III","161907"
"704","HYUNDAI","20","AVANTE IV","161902"
"705","HYUNDAI","20","AVEGA","161914"
"706","HYUNDAI","20","BRIO","161915"
"707","HYUNDAI","20","COUPE I","161897"
"708","HYUNDAI","20","COUPE II","161908"
"709","HYUNDAI","20","ELANTRA","161903"
"710","HYUNDAI","20","ELANTRA I","161898"
"711","HYUNDAI","20","ELANTRA II","161899"
"712","HYUNDAI","20","ELANTRA II / ELANTRA TAGAZ","161904"
"713","HYUNDAI","20","ELANTRA III","161909"
"714","HYUNDAI","20","EXCEL","161896"
"715","HYUNDAI","20","GENESIS","161925"
"716","HYUNDAI","20","GRANDEUR","161906"
"717","HYUNDAI","20","H-1","161926"
"718","HYUNDAI","20","i10","161917"
"719","HYUNDAI","20","i20","161918"
"720","HYUNDAI","20","i30 / CW","161905"
"721","HYUNDAI","20","ix20","161919"
"722","HYUNDAI","20","ix35","161922"
"723","HYUNDAI","20","JM","161910"
"724","HYUNDAI","20","SANTA FE III (DM)","92077"
"725","HYUNDAI","20","SANTA FE III / GRAND SANTA FE","125330"
"726","HYUNDAI","20","SOLARIS","161921"
"727","HYUNDAI","20","TIBURON I","161900"
"728","HYUNDAI","20","TIBURON II","161911"
"729","HYUNDAI","20","TUCSON","161912"
"730","HYUNDAI","20","TUCSON II","161923"
"731","HYUNDAI","20","TUCSON ix","161924"
"732","HYUNDAI","20","TUSCANI","161901"
"733","HYUNDAI","20","VELOSTER","39243"
"734","HYUNDAI","20","VENGA","161916"
"735","INFINITI","83","EX30 D","161939"
"736","INFINITI","83","EX35","161940"
"737","INFINITI","83","EX37 GT","161934"
"738","INFINITI","83","FX","161941"
"739","INFINITI","83","FX35","161935"
"740","INFINITI","83","FX37","161936"
"741","INFINITI","83","FX37 D","161942"
"742","INFINITI","83","FX50","161937"
"743","INFINITI","83","G20 (P10)","161927"
"744","INFINITI","83","G20 (P11)","161928"
"745","INFINITI","83","G25","161943"
"746","INFINITI","83","G35","161944"
"747","INFINITI","83","G37","161945"
"748","INFINITI","83","I30","161930"
"749","INFINITI","83","J30","161929"
"750","INFINITI","83","M30","161931"
"751","INFINITI","83","M56","161938"
"752","INFINITI","83","Q45","161933"
"753","INFINITI","83","QX4","161932"
"754","INFINITI","83","QX56","161946"
"755","INNOCENTI","41","ELBA","161947"
"756","INNOCENTI","41","MILLE","161948"
"757","ISUZU","123","D-MAX","161949"
"758","ISUZU","123","FASTER","161950"
"759","ISUZU","123","PICKUP","161951"
"760","JAGUAR","38","DAIMLER","161957"
"761","JAGUAR","38","F-TYPE","161959"
"762","JAGUAR","38","S-TYPE","161953"
"763","JAGUAR","38","XF","161954"
"764","JAGUAR","38","XJ","140409"
"765","JAGUAR","38","XJ / XJR (X350)","161955"
"766","JAGUAR","38","XJ / XJR (X351)","161956"
"767","JAGUAR","38","XJ 8","12277"
"768","JAGUAR","38","XK / XKR (150)","161958"
"769","JAGUAR","38","XK 8","161952"
"770","JAGUAR","38","XK R","14231"
"771","KIA","67","CARENS II","161977"
"772","KIA","67","CARENS III","161978"
"773","KIA","67","CEE'D / PRO CEE'D / SPORTY WAGON","161974"
"774","KIA","67","CEE'D / SW","12260"
"775","KIA","67","CEE'D II / PRO-CEE'D II / SW II","161993"
"776","KIA","67","CERATO","161973"
"777","KIA","67","CERATO II / FORTE","161975"
"778","KIA","67","CERATO KOUP / FORTE KOUP","161976"
"779","KIA","67","LOTZE","161979"
"780","KIA","67","MAGENTIS","161980"
"781","KIA","67","NEW PRIDE","161985"
"782","KIA","67","OPTIMA","161981"
"783","KIA","67","RIO II","161986"
"784","KIA","67","RIO III","161989"
"785","KIA","67","RONDO","161982"
"786","KIA","67","SORENTO","91133"
"787","KIA","67","SORENTO II","125394"
"788","KIA","67","SOUL","161987"
"789","KIA","67","SPECTRA5","161983"
"790","KIA","67","SPORTAGE","161972"
"791","KIA","67","SPORTAGE (SL)","161991"
"792","KIA","67","SPORTAGE II","161984"
"793","KIA","67","SPORTAGE III","161990"
"794","KIA","67","SPORTAGE R","161992"
"795","KIA","67","VENGA","161988"
"796","LADA","68","NIVA","140450"
"797","LADA","68","SAMARA","140449"
"798","LADA","68","Serie 100","140451"
"799","LADA","68","Serie 110","140452"
"800","LADA","68","Serie 120","140453"
"801","LAMBORGHINI","43","AVENTADOR","85730"
"802","LAMBORGHINI","43","COUNTACH","161995"
"803","LAMBORGHINI","43","DIABLO","161996"
"804","LAMBORGHINI","43","GALLARDO","938"
"805","LAMBORGHINI","43","GALLARDO SPYDER","3924"
"806","LAMBORGHINI","43","MURCIELAGO","161997"
"807","LANCIA","9","DEDRA","162001"
"808","LANCIA","9","DEDRA SW","162003"
"809","LANCIA","9","DELTA I","161998"
"810","LANCIA","9","DELTA II","162002"
"811","LANCIA","9","DELTA III","162013"
"812","LANCIA","9","K","162010"
"813","LANCIA","9","LYBRA","162011"
"814","LANCIA","9","MUSA","162006"
"815","LANCIA","9","PHEDRA","162004"
"816","LANCIA","9","PRISMA","161999"
"817","LANCIA","9","THEMA","162009"
"818","LANCIA","9","THESIS","162012"
"819","LANCIA","9","Y","162000"
"820","LANCIA","9","Y10","162007"
"821","LANCIA","9","YPSILON I","12307"
"822","LANCIA","9","YPSILON II","162008"
"823","LANCIA","9","ZETA","162005"
"824","LAND ROVER","22","89/109","162021"
"825","LAND ROVER","22","90/110","162022"
"826","LAND ROVER","22","DEFENDER","1327"
"827","LAND ROVER","22","DISCOVERY I","162023"
"828","LAND ROVER","22","DISCOVERY II","162018"
"829","LAND ROVER","22","DISCOVERY III","162014"
"830","LAND ROVER","22","DISCOVERY IV","162015"
"831","LAND ROVER","22","FREELANDER I","162020"
"832","LAND ROVER","22","FREELANDER II","162025"
"833","LAND ROVER","22","RANGE ROVER EVOQUE","162026"
"834","LAND ROVER","22","RANGE ROVER I","162024"
"835","LAND ROVER","22","RANGE ROVER II","162019"
"836","LAND ROVER","22","RANGE ROVER III","162016"
"837","LAND ROVER","22","RANGE ROVER IV","162027"
"838","LAND ROVER","22","RANGE ROVER SPORT","162017"
"839","LEXUS","82","CT","162032"
"840","LEXUS","82","ES","162036"
"841","LEXUS","82","ES250","162028"
"842","LEXUS","82","ES350","162035"
"843","LEXUS","82","GS","162037"
"844","LEXUS","82","IS (XE30)","162038"
"845","LEXUS","82","IS + IS SportCross","162039"
"846","LEXUS","82","LX450","162031"
"847","LEXUS","82","LX570","162034"
"848","LEXUS","82","RX","162033"
"849","LEXUS","82","SC300","162029"
"850","LEXUS","82","SC400","162030"
"851","LINCO","90","LINCO LS","162040"
"852","LONDON TAXI INTERNATIONAL LIMITED","97","FX4R","162051"
"853","LONDON TAXI INTERNATIONAL LIMITED","97","FX4S","162052"
"854","LONDON TAXI INTERNATIONAL LIMITED","97","TXII","162053"
"855","MAHINDRA","98","LOGAN","162057"
"856","MAHINDRA","98","NEW SCORPIO","162060"
"857","MAHINDRA","98","SCORPIO","162059"
"858","MAHINDRA","98","VERITO","162058"
"859","MARUTI SUZUKI","104","A/STAR","162066"
"860","MARUTI SUZUKI","104","ALTO","162068"
"861","MARUTI SUZUKI","104","RITZ","162063"
"862","MARUTI SUZUKI","104","SWIFT DZIRE","162064"
"863","MARUTI SUZUKI","104","SWIFT II","162061"
"864","MARUTI SUZUKI","104","SWIFT III","162062"
"865","MARUTI SUZUKI","104","SX4","162065"
"866","MARUTI SUZUKI","104","WAGON R","162067"
"867","MASERATI","58","3200 GT","162072"
"868","MASERATI","58","COUPE'","162069"
"869","MASERATI","58","GRANCABRIO","162073"
"870","MASERATI","58","GRANSPORT","162070"
"871","MASERATI","58","GRANTURISMO","162075"
"872","MASERATI","58","QUATTROPORTE V","162074"
"873","MASERATI","58","SPYDER","162071"
"874","MAYBACH","74","W240","162076"
"875","MAZDA","39","2 I (DY)","162096"
"876","MAZDA","39","2 II (DE)","162097"
"877","MAZDA","39","323","162084"
"878","MAZDA","39","323 F/C V (BA)","162079"
"879","MAZDA","39","323 F/S IV (BJ)","162078"
"880","MAZDA","39","626 III","162080"
"881","MAZDA","39","626 IV","162081"
"882","MAZDA","39","626 V","162098"
"883","MAZDA","39","B2300","162085"
"884","MAZDA","39","B2500","162094"
"885","MAZDA","39","B3000","162086"
"886","MAZDA","39","B4000","162087"
"887","MAZDA","39","B-SERIE","162093"
"888","MAZDA","39","BT-50","162103"
"889","MAZDA","39","CX-7","162104"
"890","MAZDA","39","CX-9","162105"
"891","MAZDA","39","MAZDA 121 III","162077"
"892","MAZDA","39","MAZDA 3 I","162089"
"893","MAZDA","39","MAZDA 3 II","162090"
"894","MAZDA","39","MAZDA 5 I","162091"
"895","MAZDA","39","MAZDA 5 II","162092"
"896","MAZDA","39","MAZDA 6 I","162100"
"897","MAZDA","39","MAZDA 6 II","162101"
"898","MAZDA","39","MIATA II (NB)","35046"
"899","MAZDA","39","MIATA III (NC)","162106"
"900","MAZDA","39","MILLENNIA","162095"
"901","MAZDA","39","MPV","162102"
"902","MAZDA","39","MX5 II (NB)","35049"
"903","MAZDA","39","MX5 III (NC)","162107"
"904","MAZDA","39","MX6","162082"
"905","MAZDA","39","NAVAJO","162088"
"906","MAZDA","39","PROTEGE","162083"
"907","MAZDA","39","ROADSTER II (NB)","35053"
"908","MAZDA","39","ROADSTER III (NC)","162108"
"909","MAZDA","39","RX-8","162099"
"910","McLAREN","127","MP4-12C","162109"
"911","MERCEDES","11","600","162130"
"912","MERCEDES","11","C SPORTCOUPE' (CL 203)","162144"
"913","MERCEDES","11","CL (C 215)","12425"
"914","MERCEDES","11","CL (C215)","162145"
"915","MERCEDES","11","CL (C216)","162121"
"916","MERCEDES","11","CLA (C117)","162186"
"917","MERCEDES","11","CLASS A (W 168)","162119"
"918","MERCEDES","11","CLASS A (W 169)","162164"
"919","MERCEDES","11","CLASS A (W176)","162187"
"920","MERCEDES","11","CLASS B (W 245)","162165"
"921","MERCEDES","11","CLASS B (W246)","162188"
"922","MERCEDES","11","CLASS C  (S 202)","162110"
"923","MERCEDES","11","CLASS C  (W 202)","162111"
"924","MERCEDES","11","CLASS C  (W 203)","162138"
"925","MERCEDES","11","CLASS C  (W 204)","162146"
"926","MERCEDES","11","CLASS C (W202/S202)","162116"
"927","MERCEDES","11","CLASS C (W203/C203/S203)","162162"
"928","MERCEDES","11","CLASS C (W204/C204/S204)","162167"
"929","MERCEDES","11","CLASS C COUPE' (C 204)","162166"
"930","MERCEDES","11","CLASS C SW (S 203)","162139"
"931","MERCEDES","11","CLASS C SW (S 204)","162147"
"932","MERCEDES","11","CLASS CLC (CL 203)","162148"
"933","MERCEDES","11","CLASS E  (W211)","162149"
"934","MERCEDES","11","CLASS E (A207/C207)","162185"
"935","MERCEDES","11","CLASS E (W 114)","162131"
"936","MERCEDES","11","CLASS E (W 210)","162112"
"937","MERCEDES","11","CLASS E (W 212)","162122"
"938","MERCEDES","11","CLASS E (W211/S211)","162190"
"939","MERCEDES","11","CLASS E (W212/S212)","162168"
"940","MERCEDES","11","CLASS E CABRIOLET (A 207)","162123"
"941","MERCEDES","11","CLASS E COUPE' (A207/C207)","162169"
"942","MERCEDES","11","CLASS E COUPE' (C 207)","162124"
"943","MERCEDES","11","CLASS E SW (S 210)","162113"
"944","MERCEDES","11","CLASS E SW (S 211)","162150"
"945","MERCEDES","11","CLASS E SW (S 212)","162125"
"946","MERCEDES","11","CLASS G (W 461)","162140"
"947","MERCEDES","11","CLASS G (W 463)","162114"
"948","MERCEDES","11","CLASS G (W461/W463)","162180"
"949","MERCEDES","11","CLASS GL (X164)","162151"
"950","MERCEDES","11","CLASS GLK (X 204)","162152"
"951","MERCEDES","11","CLASS GLK (X204)","162170"
"952","MERCEDES","11","CLASS M (W 164)","162153"
"953","MERCEDES","11","CLASS M (W 166)","162126"
"954","MERCEDES","11","CLASS M (W163)","162117"
"955","MERCEDES","11","CLASS M (W164)","162182"
"956","MERCEDES","11","CLASS M (W166)","162171"
"957","MERCEDES","11","CLASS R (W 251)","162154"
"958","MERCEDES","11","CLASS R (W251)","162172"
"959","MERCEDES","11","CLASS R LONG (V 251)","162155"
"960","MERCEDES","11","CLASS S (W 220)","162141"
"961","MERCEDES","11","CLASS S (W 221)","162127"
"962","MERCEDES","11","CLASS S (W220)","162181"
"963","MERCEDES","11","CLASS S (W221)","162173"
"964","MERCEDES","11","CLASS S (W222/C217)","162174"
"965","MERCEDES","11","CLASS S LONG (V 220)","162142"
"966","MERCEDES","11","CLASS S LONG (W 221)","162128"
"967","MERCEDES","11","CLASS V (638/2)","12424"
"968","MERCEDES","11","CLC (C203)","162178"
"969","MERCEDES","11","CLK (A209/C209)","162179"
"970","MERCEDES","11","CLK (C208)","162115"
"971","MERCEDES","11","CLK CABRIOLET (A 209)","162156"
"972","MERCEDES","11","CLK COUPE' (A209/C209)","162183"
"973","MERCEDES","11","CLK COUPE' (C 209)","162143"
"974","MERCEDES","11","CLS (C 218)","162129"
"975","MERCEDES","11","CLS (C 219)","162157"
"976","MERCEDES","11","CLS (C218)","162175"
"977","MERCEDES","11","CLS (C219)","162184"
"978","MERCEDES","11","GL (X164)","162191"
"979","MERCEDES","11","GLA (X156)","162189"
"980","MERCEDES","11","SE","162132"
"981","MERCEDES","11","SL","162133"
"982","MERCEDES","11","SL (R 107)","162134"
"983","MERCEDES","11","SL (R 129)","162158"
"984","MERCEDES","11","SL (R230)","162159"
"985","MERCEDES","11","SL (R231)","162176"
"986","MERCEDES","11","SLC","162135"
"987","MERCEDES","11","SLK (R 171)","162160"
"988","MERCEDES","11","SLK (R170)","162163"
"989","MERCEDES","11","SLK (R172)","162177"
"990","MERCEDES","11","SLR (R199)","162118"
"991","MERCEDES","11","SLS (C 197)","162137"
"992","MERCEDES","11","SPRINTER","162161"
"993","MERCEDES","11","VANEO","162120"
"994","MERCEDES","11","VITO (638)","12449"
"995","MERCEDES","11","W108/W109 SEL/SEB","162136"
"996","MG","44","MGF","162205"
"997","MG","44","MGTF","162206"
"998","MG","44","ZR","162207"
"999","MG","44","ZS","12466"
"1000","MG","44","ZT260","162208"
"1001","MINI","24","MINI (R50) COUPE'","162209"
"1002","MINI","24","MINI (R52) CABRIO","12470"
"1003","MINI","24","MINI (R53) COUPE'","12469"
"1004","MINI","24","MINI II (R55) CLUBMAN","58573"
"1005","MINI","24","MINI II (R56)","58574"
"1006","MINI","24","MINI II (R57) CABRIO","58575"
"1007","MINI","24","MINI II (R58) COUPE'","38021"
"1008","MINI","24","MINI II (R60) COUNTRYMAN","64232"
"1009","MINI","24","MINI II PACEMAN","162210"
"1010","MINI","24","MINI III (F56)","162211"
"1011","NISSAN","26","100 NX","162273"
"1012","NISSAN","26","180 SX","162274"
"1013","NISSAN","26","200 SX","162275"
"1014","NISSAN","26","200 SXi","162276"
"1015","NISSAN","26","240 SX","162277"
"1016","NISSAN","26","300 C","162278"
"1017","NISSAN","26","300 SX","162382"
"1018","NISSAN","26","300 ZX","162279"
"1019","NISSAN","26","350 Z","12544"
"1020","NISSAN","26","370 Z","162399"
"1021","NISSAN","26","810","162280"
"1022","NISSAN","26","ALMERA I (N15)","162281"
"1023","NISSAN","26","ALMERA II (N16)","162282"
"1024","NISSAN","26","ALMERA TINO (V10)","162283"
"1025","NISSAN","26","ALTIMA","162284"
"1026","NISSAN","26","APRIO","162397"
"1027","NISSAN","26","ARMADA","162407"
"1028","NISSAN","26","AVENIR","162285"
"1029","NISSAN","26","AXXESS","162286"
"1030","NISSAN","26","BASSARA","162287"
"1031","NISSAN","26","BLUBIRD (U12)","162289"
"1032","NISSAN","26","BLUBIRD (U13)","162290"
"1033","NISSAN","26","BLUBIRD (U14)","162291"
"1034","NISSAN","26","BLUBIRD SYLPHY (G10)","162292"
"1035","NISSAN","26","BLUEBIRD (910)","162288"
"1036","NISSAN","26","CEDRIC (Y30)","162293"
"1037","NISSAN","26","CEDRIC (Y31)","162294"
"1038","NISSAN","26","CEDRIC (Y32)","162295"
"1039","NISSAN","26","CEDRIC (Y33)","162296"
"1040","NISSAN","26","CEDRIC (Y34)","162297"
"1041","NISSAN","26","CEFIRO I","162298"
"1042","NISSAN","26","CEFIRO II","162299"
"1043","NISSAN","26","CEFIRO III","162300"
"1044","NISSAN","26","CHERRY","162271"
"1045","NISSAN","26","CIMA","162301"
"1046","NISSAN","26","CREW","162302"
"1047","NISSAN","26","CUBE","162401"
"1048","NISSAN","26","DATSUN","162303"
"1049","NISSAN","26","ELGRAND","162304"
"1050","NISSAN","26","EXPERT","162305"
"1051","NISSAN","26","FIERA (D22)","162306"
"1052","NISSAN","26","FRONTIER","162408"
"1053","NISSAN","26","FRONTIER (D22)","162307"
"1054","NISSAN","26","GLORIA (Y30)","162308"
"1055","NISSAN","26","GLORIA (Y31)","162309"
"1056","NISSAN","26","GLORIA (Y32)","162310"
"1057","NISSAN","26","GLORIA (Y33)","162311"
"1058","NISSAN","26","GLORIA (Y34)","162312"
"1059","NISSAN","26","GT-R 35","1759"
"1060","NISSAN","26","HARDBODY (D22)","162313"
"1061","NISSAN","26","JUKE","162383"
"1062","NISSAN","26","KUBISTAR","162388"
"1063","NISSAN","26","LARGO","162314"
"1064","NISSAN","26","LAUREL","162315"
"1065","NISSAN","26","LEOPARD","162316"
"1066","NISSAN","26","LIBERTY","162317"
"1067","NISSAN","26","LUCINO","162318"
"1068","NISSAN","26","MARCH","162385"
"1069","NISSAN","26","MAXIMA","162320"
"1070","NISSAN","26","MAXIMA (J30)","162319"
"1071","NISSAN","26","MAXIMA QX  II","162321"
"1072","NISSAN","26","MAXIMA QX  III","162322"
"1073","NISSAN","26","MICRA II","162394"
"1074","NISSAN","26","MICRA III (K12)","162395"
"1075","NISSAN","26","MICRA IV (K13)","162384"
"1076","NISSAN","26","MURANO (Z50)","162323"
"1077","NISSAN","26","MURANO (Z51)","162324"
"1078","NISSAN","26","NAVARA D21","162325"
"1079","NISSAN","26","NAVARA D22","162326"
"1080","NISSAN","26","NAVARA D40","162422"
"1081","NISSAN","26","NOTE","162402"
"1082","NISSAN","26","NOTE (E11)","162396"
"1083","NISSAN","26","NV1500","162409"
"1084","NISSAN","26","NV200","162398"
"1085","NISSAN","26","NV2500 HD","162410"
"1086","NISSAN","26","NV3500 HD","162411"
"1087","NISSAN","26","NX","162386"
"1088","NISSAN","26","PATHFINDER II","162327"
"1089","NISSAN","26","PATHFINDER III","162412"
"1090","NISSAN","26","PATROL I","162416"
"1091","NISSAN","26","PATROL II","162417"
"1092","NISSAN","26","PATROL III","162418"
"1093","NISSAN","26","PATROL IV","162419"
"1094","NISSAN","26","PATROL IV (Y60)","12611"
"1095","NISSAN","26","PATROL V (Y61)","162390"
"1096","NISSAN","26","PATROL VI","162420"
"1097","NISSAN","26","PATROL VI (Y62)","162415"
"1098","NISSAN","26","PICKUP (D21)","162328"
"1099","NISSAN","26","PICKUP (D22)","162329"
"1100","NISSAN","26","PINTARA U12","162330"
"1101","NISSAN","26","PIXO","162406"
"1102","NISSAN","26","PRAIRIE (M12)","162332"
"1103","NISSAN","26","PRAIRIE PRO (M11)","162331"
"1104","NISSAN","26","PRESAGE","162344"
"1105","NISSAN","26","PRESEA","162343"
"1106","NISSAN","26","PRIMASTAR","162389"
"1107","NISSAN","26","PRIMERA I","162333"
"1108","NISSAN","26","PRIMERA II (P10)","162334"
"1109","NISSAN","26","PRIMERA II HATCHBACK (P10)","162335"
"1110","NISSAN","26","PRIMERA II TRAVELLER (W10)","162336"
"1111","NISSAN","26","PRIMERA III (P11)","162337"
"1112","NISSAN","26","PRIMERA III HATCHBACK (P11)","162338"
"1113","NISSAN","26","PRIMERA III TRAVELLER (WP11)","162339"
"1114","NISSAN","26","PRIMERA IV (P12)","162340"
"1115","NISSAN","26","PRIMERA IV HATCHBACK (P12)","162341"
"1116","NISSAN","26","PRIMERA IV STATION WAGON (WP12)","162342"
"1117","NISSAN","26","PULSAR III","162345"
"1118","NISSAN","26","PULSAR IV","162346"
"1119","NISSAN","26","PULSAR V","162347"
"1120","NISSAN","26","QASHQAI","162403"
"1121","NISSAN","26","QUEST","162348"
"1122","NISSAN","26","R' NESSA","162350"
"1123","NISSAN","26","RASHEEN","162349"
"1124","NISSAN","26","ROGUE","162387"
"1125","NISSAN","26","SAFARI (Y60)","162351"
"1126","NISSAN","26","SAFARI (Y61)","162391"
"1127","NISSAN","26","SENTRA","162352"
"1128","NISSAN","26","SERANZA (Y61)","162392"
"1129","NISSAN","26","SERENA I","162353"
"1130","NISSAN","26","SILVIA","162363"
"1131","NISSAN","26","SILVIA (S12)","162362"
"1132","NISSAN","26","SKYLINE (R31)","162354"
"1133","NISSAN","26","SKYLINE (R32)","162355"
"1134","NISSAN","26","SKYLINE (R33)","162357"
"1135","NISSAN","26","SKYLINE (R34)","162359"
"1136","NISSAN","26","SKYLINE (V35)","162361"
"1137","NISSAN","26","SKYLINE (V36)","162400"
"1138","NISSAN","26","SKYLINE GT-R (R32)","162356"
"1139","NISSAN","26","SKYLINE GT-R (R33)","162358"
"1140","NISSAN","26","SKYLINE GT-R (R34)","162360"
"1141","NISSAN","26","STAGEA I","162365"
"1142","NISSAN","26","STAGEA II","162366"
"1143","NISSAN","26","STANZA FX","162364"
"1144","NISSAN","26","SUNNY II","162367"
"1145","NISSAN","26","SUNNY III","162368"
"1146","NISSAN","26","SUNNY III TRAVELLER (Y10)","162369"
"1147","NISSAN","26","TEANA","162370"
"1148","NISSAN","26","TERRANO (D22)","162371"
"1149","NISSAN","26","TERRANO I (WD21)","162272"
"1150","NISSAN","26","TERRANO II (R20)","162372"
"1151","NISSAN","26","TIIDA","162373"
"1152","NISSAN","26","TILDA","162405"
"1153","NISSAN","26","TINO","162374"
"1154","NISSAN","26","TITAN","162413"
"1155","NISSAN","26","TSURU","162375"
"1156","NISSAN","26","URVAN","162393"
"1157","NISSAN","26","V16","162376"
"1158","NISSAN","26","VANETTE CARGO","162377"
"1159","NISSAN","26","VANETTE SERENA","162378"
"1160","NISSAN","26","VERSA","162404"
"1161","NISSAN","26","WINGROAD / AD VAN / AD MAX I","162380"
"1162","NISSAN","26","WINGROAD / AD VAN / AD MAX II","162381"
"1163","NISSAN","26","XTERRA","162414"
"1164","NISSAN","26","X-TRAIL (T30)","162379"
"1165","NISSAN","26","X-TRAIL II","162421"
"1166","OLDSMOBILE","105","442","162423"
"1167","OLDSMOBILE","105","98","162424"
"1168","OLDSMOBILE","105","CUSTOM CRUISER","162425"
"1169","OLDSMOBILE","105","CUTLASS","162426"
"1170","OLDSMOBILE","105","CUTLASS SALON","162427"
"1171","OLDSMOBILE","105","CUTLASS SUPREME","162428"
"1172","OLDSMOBILE","105","DELMONT 88","162430"
"1173","OLDSMOBILE","105","DELTA 88","162429"
"1174","OLDSMOBILE","105","DYNAMIC","162431"
"1175","OLDSMOBILE","105","F85","162432"
"1176","OLDSMOBILE","105","NINETY EIGHT","162433"
"1177","OLDSMOBILE","105","NINETY EIGHT REGENCY","162434"
"1178","OLDSMOBILE","105","OMEGA","162435"
"1179","OLDSMOBILE","105","STARFIRE","162436"
"1180","OLDSMOBILE","105","TORONADO","162437"
"1181","OLDSMOBILE","105","VISTA CRUISER","162438"
"1182","OPEL","27","ADAM","162476"
"1183","OPEL","27","ADMIRAL A","162466"
"1184","OPEL","27","AGILA","162475"
"1185","OPEL","27","ANTARA","162474"
"1186","OPEL","27","ASCONA B","162451"
"1187","OPEL","27","ASCONA C","162452"
"1188","OPEL","27","ASTRA CLASSIC","162442"
"1189","OPEL","27","ASTRA F","162443"
"1190","OPEL","27","ASTRA G","12692"
"1191","OPEL","27","ASTRA H / GTC","162457"
"1192","OPEL","27","ASTRA J / GTC","162478"
"1193","OPEL","27","CALIBRA","162460"
"1194","OPEL","27","CASCADA","162479"
"1195","OPEL","27","COMBO B","162444"
"1196","OPEL","27","COMBO C","162468"
"1197","OPEL","27","CORSA A","162462"
"1198","OPEL","27","CORSA B","162445"
"1199","OPEL","27","CORSA C","162469"
"1200","OPEL","27","CORSA D","12701"
"1201","OPEL","27","CORSA LITE","162446"
"1202","OPEL","27","CORSA SAIL","162447"
"1203","OPEL","27","CORSA SWING","162448"
"1204","OPEL","27","FRONTERA A","162439"
"1205","OPEL","27","GT","12706"
"1206","OPEL","27","INSIGNIA","162477"
"1207","OPEL","27","KADETT C","162453"
"1208","OPEL","27","KADETT E","162463"
"1209","OPEL","27","MANTA A","162454"
"1210","OPEL","27","MANTA B","162455"
"1211","OPEL","27","MERIVA A","162470"
"1212","OPEL","27","MERIVA B","162481"
"1213","OPEL","27","MOVANO","162467"
"1214","OPEL","27","OMEGA A","162440"
"1215","OPEL","27","OMEGA B","12715"
"1216","OPEL","27","REKORD E","162456"
"1217","OPEL","27","SENATOR B","162441"
"1218","OPEL","27","SIGNUM","162464"
"1219","OPEL","27","SPEEDSTER","12719"
"1220","OPEL","27","TIGRA","162449"
"1221","OPEL","27","TIGRA TWIN TOP","162471"
"1222","OPEL","27","VECTRA A","162461"
"1223","OPEL","27","VECTRA B","162459"
"1224","OPEL","27","VECTRA C / GTS","162473"
"1225","OPEL","27","VITA I","162450"
"1226","OPEL","27","VITA II","162472"
"1227","OPEL","27","VIVARO","162465"
"1228","OPEL","27","ZAFIRA A","12728"
"1229","OPEL","27","ZAFIRA B","162458"
"1230","OPEL","27","ZAFIRA C","162480"
"1231","PERODUA","107","ALZA","162483"
"1232","PERODUA","107","KEMBARA","162482"
"1233","PERODUA","107","MIVY I","162484"
"1234","PERODUA","107","MIVY II","162485"
"1235","PERODUA","107","VIVA","162486"
"1236","PEUGEOT","40","1007","162501"
"1237","PEUGEOT","40","106 I","12736"
"1238","PEUGEOT","40","106 II","12737"
"1239","PEUGEOT","40","107","12738"
"1240","PEUGEOT","40","2008","162517"
"1241","PEUGEOT","40","205 I / CABRIOLET","162487"
"1242","PEUGEOT","40","205 II","162491"
"1243","PEUGEOT","40","206","162502"
"1244","PEUGEOT","40","206 / CC / SW","12741"
"1245","PEUGEOT","40","206 +","162503"
"1246","PEUGEOT","40","206 PLUS","162512"
"1247","PEUGEOT","40","207","162504"
"1248","PEUGEOT","40","207 / CC / SW","12743"
"1249","PEUGEOT","40","208","162514"
"1250","PEUGEOT","40","3008","162507"
"1251","PEUGEOT","40","306","12744"
"1252","PEUGEOT","40","307","162505"
"1253","PEUGEOT","40","307 / CC / SW","12745"
"1254","PEUGEOT","40","308","162509"
"1255","PEUGEOT","40","308 II","162516"
"1256","PEUGEOT","40","309 I","162492"
"1257","PEUGEOT","40","309 II","162493"
"1258","PEUGEOT","40","4007","162515"
"1259","PEUGEOT","40","405 I / BREAK","12749"
"1260","PEUGEOT","40","405 II / BREAK","12750"
"1261","PEUGEOT","40","406 / BREAK","12751"
"1262","PEUGEOT","40","407 / SW","162499"
"1263","PEUGEOT","40","5008","162508"
"1264","PEUGEOT","40","508","162500"
"1265","PEUGEOT","40","607","162494"
"1266","PEUGEOT","40","806","162495"
"1267","PEUGEOT","40","807","162496"
"1268","PEUGEOT","40","BIPPER","162506"
"1269","PEUGEOT","40","BIPPER / TEPEE","162497"
"1270","PEUGEOT","40","EXPERT","162498"
"1271","PEUGEOT","40","EXPERT II","162518"
"1272","PEUGEOT","40","GRAND RAID I","162488"
"1273","PEUGEOT","40","GRAND RAID II","162510"
"1274","PEUGEOT","40","PARTNER I","162489"
"1275","PEUGEOT","40","PARTNER II","162511"
"1276","PEUGEOT","40","RANCH","162490"
"1277","PEUGEOT","40","RCZ","162513"
"1278","PLYMOUTH","108","BARRACUDA","162523"
"1279","PLYMOUTH","108","BELVEDERE","162522"
"1280","PLYMOUTH","108","BELVEDERE II","162524"
"1281","PLYMOUTH","108","CUDA","162525"
"1282","PLYMOUTH","108","CUSTOM","162526"
"1283","PLYMOUTH","108","DUSTER","162527"
"1284","PLYMOUTH","108","FLEET SPECIAL","162528"
"1285","PLYMOUTH","108","FURY","162529"
"1286","PLYMOUTH","108","FURY I","162530"
"1287","PLYMOUTH","108","FURY II","162531"
"1288","PLYMOUTH","108","FURY III","162532"
"1289","PLYMOUTH","108","GRAN FURY","162533"
"1290","PLYMOUTH","108","GRAND VOYAGER","162519"
"1291","PLYMOUTH","108","GTX","162534"
"1292","PLYMOUTH","108","NEON","162520"
"1293","PLYMOUTH","108","PB100","162535"
"1294","PLYMOUTH","108","PB200","162536"
"1295","PLYMOUTH","108","PB300","162537"
"1296","PLYMOUTH","108","ROADRUNNER","162538"
"1297","PLYMOUTH","108","SATELLITE","162539"
"1298","PLYMOUTH","108","SAVOY","162540"
"1299","PLYMOUTH","108","SCAMP","162541"
"1300","PLYMOUTH","108","SEBRING","162542"
"1301","PLYMOUTH","108","SPORT WAGON","162543"
"1302","PLYMOUTH","108","SUBURBAN","162544"
"1303","PLYMOUTH","108","TRAILDUSTER","162545"
"1304","PLYMOUTH","108","VALIANT","162546"
"1305","PLYMOUTH","108","VIP","162547"
"1306","PLYMOUTH","108","VOLARE","162548"
"1307","PLYMOUTH","108","VOYAGER VAN","162521"
"1308","PONTIAC","78","BONNEVILLE","162551"
"1309","PONTIAC","78","CATALINA","162552"
"1310","PONTIAC","78","EXECUTIVE","162554"
"1311","PONTIAC","78","FIREBIRD","162553"
"1312","PONTIAC","78","G3","162570"
"1313","PONTIAC","78","G8","162568"
"1314","PONTIAC","78","GRAND AM","162555"
"1315","PONTIAC","78","GRAND PRIX","162556"
"1316","PONTIAC","78","GRAND SAFARI","162557"
"1317","PONTIAC","78","GRANDVILLE","162558"
"1318","PONTIAC","78","GT","162559"
"1319","PONTIAC","78","GTO","162560"
"1320","PONTIAC","78","LEMANS","162561"
"1321","PONTIAC","78","PHOENIX","162562"
"1322","PONTIAC","78","SAFARI","162563"
"1323","PONTIAC","78","SJ","162564"
"1324","PONTIAC","78","SOLSTICE","162569"
"1325","PONTIAC","78","SPRINT","162565"
"1326","PONTIAC","78","TEMPEST","162566"
"1327","PONTIAC","78","VENTURA","162567"
"1328","PONTIAC","78","VIBE","162549"
"1329","PONTIAC","78","VIBE GT","162550"
"1330","PONTIAC","78","WAVE","162571"
"1331","PORSCHE","15","911","162573"
"1332","PORSCHE","15","911 (930)","162586"
"1333","PORSCHE","15","911 (964)","162580"
"1334","PORSCHE","15","911 (991)","162588"
"1335","PORSCHE","15","911 (993)","162576"
"1336","PORSCHE","15","911 (996)","162578"
"1337","PORSCHE","15","911 (997)","162579"
"1338","PORSCHE","15","912","162575"
"1339","PORSCHE","15","914","141010"
"1340","PORSCHE","15","924","141011"
"1341","PORSCHE","15","928","162574"
"1342","PORSCHE","15","944","162572"
"1343","PORSCHE","15","BOXSTER (981)","162589"
"1344","PORSCHE","15","BOXSTER (986)","162577"
"1345","PORSCHE","15","BOXSTER (987)","162583"
"1346","PORSCHE","15","CARRERA GT","162585"
"1347","PORSCHE","15","CAYENNE I (955)","162581"
"1348","PORSCHE","15","CAYENNE II (958)","162582"
"1349","PORSCHE","15","CAYMAN (981)","162590"
"1350","PORSCHE","15","CAYMAN (987)","162584"
"1351","PORSCHE","15","PANAMERA","162587"
"1352","PROTON","109","EXORA","162591"
"1353","PROTON","109","GEN-2","162593"
"1354","PROTON","109","INSPIRA","162592"
"1355","PROTON","109","SATRIA NEO","162594"
"1356","PYONGHWA","111","HWIPARAM","162595"
"1357","RELIANT","126","SCIMITAR","162596"
"1358","RENAULT","29","ALPINE","12853"
"1359","RENAULT","29","CABRIOLET","162612"
"1360","RENAULT","29","CAPTUR","162636"
"1361","RENAULT","29","CLIO I","12855"
"1362","RENAULT","29","CLIO II","12856"
"1363","RENAULT","29","CLIO III","3819"
"1364","RENAULT","29","CLIO IV","162634"
"1365","RENAULT","29","COACH","162611"
"1366","RENAULT","29","ESPACE  IV","162614"
"1367","RENAULT","29","ESPACE I","162599"
"1368","RENAULT","29","ESPACE II","162600"
"1369","RENAULT","29","ESPACE III","162613"
"1370","RENAULT","29","FLUENCE","162625"
"1371","RENAULT","29","FUEGO","162601"
"1372","RENAULT","29","GRAND SCÉNIC II","162626"
"1373","RENAULT","29","GRAND SCÉNIC III","162627"
"1374","RENAULT","29","KANGOO EXPRESS I","162598"
"1375","RENAULT","29","KANGOO EXPRESS II","162616"
"1376","RENAULT","29","KANGOO I","162597"
"1377","RENAULT","29","KANGOO II","162615"
"1378","RENAULT","29","KOLEOS","162635"
"1379","RENAULT","29","LAGUNA I","12871"
"1380","RENAULT","29","LAGUNA II","162617"
"1381","RENAULT","29","LAGUNA III","162632"
"1382","RENAULT","29","LATITUDE","162633"
"1383","RENAULT","29","MÉGANE CC","162629"
"1384","RENAULT","29","MÉGANE I","12876"
"1385","RENAULT","29","MÉGANE II / SW","3828"
"1386","RENAULT","29","MÉGANE III","162628"
"1387","RENAULT","29","MODUS","162621"
"1388","RENAULT","29","R 11","162607"
"1389","RENAULT","29","R 19 I","12883"
"1390","RENAULT","29","R 19 II","162605"
"1391","RENAULT","29","R 21","162602"
"1392","RENAULT","29","R 25","12886"
"1393","RENAULT","29","R 5","162604"
"1394","RENAULT","29","R 9","162606"
"1395","RENAULT","29","RAPID","162609"
"1396","RENAULT","29","SAFRANE II","162620"
"1397","RENAULT","29","SANDERO","162622"
"1398","RENAULT","29","SCÉNIC / X-MOD III","162630"
"1399","RENAULT","29","SCÉNIC I","12892"
"1400","RENAULT","29","SCÉNIC II","162624"
"1401","RENAULT","29","TONDAR 90","162623"
"1402","RENAULT","29","TRAFIC I","162603"
"1403","RENAULT","29","TRAFIC II","162618"
"1404","RENAULT","29","TWINGO I","162608"
"1405","RENAULT","29","TWINGO II","162610"
"1406","RENAULT","29","VEL SATIS","162619"
"1407","RENAULT","29","WIND","162631"
"1408","ROLLS ROYCE","128","PHANTOM COUPE' I","162641"
"1409","ROLLS ROYCE","128","PHANTOM COUPE' II","162642"
"1410","ROLLS ROYCE","128","PHANTOM DROPHEAD I","162639"
"1411","ROLLS ROYCE","128","PHANTOM DROPHEAD II","162640"
"1412","ROLLS ROYCE","128","PHANTOM I","162637"
"1413","ROLLS ROYCE","128","PHANTOM II","162638"
"1414","ROVER","30","100 (XP)","162644"
"1415","ROVER","30","200","162645"
"1416","ROVER","30","25","162643"
"1417","ROVER","30","400","162646"
"1418","ROVER","30","45","162650"
"1419","ROVER","30","600","12908"
"1420","ROVER","30","75","162652"
"1421","ROVER","30","800","162647"
"1422","ROVER","30","METRO (XP)","162648"
"1423","ROVER","30","MGF(VVC, K Series)","162651"
"1424","ROVER","30","TOURER","162649"
"1425","SAAB","31","900 II","162653"
"1426","SAAB","31","901 II","12914"
"1427","SAAB","31","9-3 I (YS3D)","162654"
"1428","SAAB","31","9-5 I (YS3E)","162655"
"1429","SAAB","31","9-5 II (YS3G)","162656"
"1430","SATURN","79","ASTRA","162657"
"1431","SATURN","79","SKY","162659"
"1432","SATURN","79","VUE","162658"
"1433","SCION","110","FR-S","162660"
"1434","SCION","110","TC","162661"
"1435","SCION","110","XA","162662"
"1436","SCION","110","XB","162663"
"1437","SCION","110","XD","162664"
"1438","SMART","56","CABRIO","162690"
"1439","SMART","56","CITY COUPE'","162691"
"1440","SMART","56","COUPE'","162692"
"1441","SMART","56","CROSSBLADE","162693"
"1442","SMART","56","FORFOUR","162696"
"1443","SMART","56","FORTWO I","162694"
"1444","SMART","56","FORTWO II","162697"
"1445","SMART","56","ROADSTER","162695"
"1446","SOUEAST","118","LIONCEL II","162698"
"1447","SSANGYONG","77","ACTYON","162699"
"1448","SSANGYONG","77","KYRON","162700"
"1449","SSANGYONG","77","RODIUS","162701"
"1450","SUBARU","34","BAJA","162712"
"1451","SUBARU","34","BRZ","162710"
"1452","SUBARU","34","FORESTER I","162702"
"1453","SUBARU","34","FORESTER II","162703"
"1454","SUBARU","34","FORESTER III","162715"
"1455","SUBARU","34","IMPREZA I","162704"
"1456","SUBARU","34","IMPREZA II","1915"
"1457","SUBARU","34","IMPREZA III","16273"
"1458","SUBARU","34","LEGACY I","162705"
"1459","SUBARU","34","LEGACY II","162706"
"1460","SUBARU","34","LEGACY III","162713"
"1461","SUBARU","34","LEGACY IV","162716"
"1462","SUBARU","34","LEGACY V","162717"
"1463","SUBARU","34","LIBERTY","162707"
"1464","SUBARU","34","OUTBACK I","162708"
"1465","SUBARU","34","OUTBACK II","162714"
"1466","SUBARU","34","OUTBACK III","162718"
"1467","SUBARU","34","OUTBACK IV","162719"
"1468","SUBARU","34","SVX","162709"
"1469","SUBARU","34","TREZIA","162711"
"1470","SUBARU","34","TRIBECA (B9)","162720"
"1471","SUBARU","34","XV","162721"
"1472","SUZUKI","112","AERIO","162723"
"1473","SUZUKI","112","ALTO IV","162729"
"1474","SUZUKI","112","ALTO V","162731"
"1475","SUZUKI","112","CELERIO","162732"
"1476","SUZUKI","112","EQUATOR","162733"
"1477","SUZUKI","112","LIANA","162724"
"1478","SUZUKI","112","NEO BALENO","162725"
"1479","SUZUKI","112","SPLASH","162728"
"1480","SUZUKI","112","SWIFT II","162722"
"1481","SUZUKI","112","SWIFT III","162727"
"1482","SUZUKI","112","SWIFT IV","73011"
"1483","SUZUKI","112","SX4","162726"
"1484","SUZUKI","112","WAGON R PLUS","162730"
"1485","TALBOT","99","ALPINE","162734"
"1486","TALBOT","99","HORIZON","162735"
"1487","TALBOT","99","MINX","162736"
"1488","TALBOT","99","RAPIER","162737"
"1489","TALBOT","99","SOLARA","162738"
"1490","TATA","100","INDICA","162744"
"1491","TATA","100","INDICA QUADRAJET","162739"
"1492","TATA","100","INDICA VISTA","162745"
"1493","TATA","100","INDIGO MANZA","162740"
"1494","TATA","100","SAFARI","162741"
"1495","TATA","100","SUMO","162742"
"1496","TATA","100","SUMO GRANDE","162743"
"1497","TOYOTA","35","4 RUNNER","162764"
"1498","TOYOTA","35","86","162774"
"1499","TOYOTA","35","ALPHARD I","162802"
"1500","TOYOTA","35","ALPHARD II","162823"
"1501","TOYOTA","35","AURIS I","162797"
"1502","TOYOTA","35","AURIS II","162798"
"1503","TOYOTA","35","AVALON (XX30)","162812"
"1504","TOYOTA","35","AVANZA","162800"
"1505","TOYOTA","35","AVENSIS II","162775"
"1506","TOYOTA","35","AVENSIS III","162828"
"1507","TOYOTA","35","AVENSIS VERSO","162746"
"1508","TOYOTA","35","AYGO","162768"
"1509","TOYOTA","35","BLADE","162813"
"1510","TOYOTA","35","CAMRY","13017"
"1511","TOYOTA","35","CARINA","162747"
"1512","TOYOTA","35","CARINA E","162748"
"1513","TOYOTA","35","CARINA FF","162749"
"1514","TOYOTA","35","CARINA LL","162750"
"1515","TOYOTA","35","CELICA IV (T160)","162751"
"1516","TOYOTA","35","CELICA V (T180)","162752"
"1517","TOYOTA","35","CELICA VII (T230)","13026"
"1518","TOYOTA","35","COASTER","162786"
"1519","TOYOTA","35","COROLLA (E100)","162753"
"1520","TOYOTA","35","COROLLA (E110)","162754"
"1521","TOYOTA","35","COROLLA (E120, E130)","162755"
"1522","TOYOTA","35","COROLLA (E140, E150)","162814"
"1523","TOYOTA","35","COROLLA (E80)","162756"
"1524","TOYOTA","35","COROLLA (E90)","162757"
"1525","TOYOTA","35","COROLLA VERSO (E120, E130)","162776"
"1526","TOYOTA","35","COROLLA X","162829"
"1527","TOYOTA","35","CORONA","162758"
"1528","TOYOTA","35","CORONA FF","162759"
"1529","TOYOTA","35","DYNA","162787"
"1530","TOYOTA","35","ECHO","162773"
"1531","TOYOTA","35","ESTIMA (XR30, XR40)","162815"
"1532","TOYOTA","35","ESTIMA (XR50)","162816"
"1533","TOYOTA","35","ETIOS","162811"
"1534","TOYOTA","35","F6000","162788"
"1535","TOYOTA","35","FJ CRUISER","162789"
"1536","TOYOTA","35","FORTUNER","162790"
"1537","TOYOTA","35","GT 86","162777"
"1538","TOYOTA","35","HARRIER","162803"
"1539","TOYOTA","35","HIGHLANDER I","162804"
"1540","TOYOTA","35","HIGHLANDER II","162805"
"1541","TOYOTA","35","HILUX (MK VII)","162793"
"1542","TOYOTA","35","HILUX 4WD","162827"
"1543","TOYOTA","35","INNOVA","162794"
"1544","TOYOTA","35","KIJANG INNOVA","162795"
"1545","TOYOTA","35","KLUGER","162808"
"1546","TOYOTA","35","LAND CRUISER","162826"
"1547","TOYOTA","35","LAND CRUISER (_J7_)","162765"
"1548","TOYOTA","35","LAND CRUISER (200 SERIES)","162809"
"1549","TOYOTA","35","MARK-X ZiO","162817"
"1550","TOYOTA","35","MATRIX I","162778"
"1551","TOYOTA","35","MATRIX II","162818"
"1552","TOYOTA","35","MR2 II","162760"
"1553","TOYOTA","35","MR2 III","162781"
"1554","TOYOTA","35","PASEO","13052"
"1555","TOYOTA","35","PICNIC","162761"
"1556","TOYOTA","35","PLATZ","162783"
"1557","TOYOTA","35","PRADO","162791"
"1558","TOYOTA","35","PREVIA","162782"
"1559","TOYOTA","35","PRIUS","162799"
"1560","TOYOTA","35","PROACE","162825"
"1561","TOYOTA","35","RAV 4","162762"
"1562","TOYOTA","35","RAV 4 II","162763"
"1563","TOYOTA","35","RAV 4 III","162824"
"1564","TOYOTA","35","RAV 4 IV","162830"
"1565","TOYOTA","35","RAV4 III","162831"
"1566","TOYOTA","35","RAV4 IV","162832"
"1567","TOYOTA","35","RUSH","162801"
"1568","TOYOTA","35","SEQUOIA","162810"
"1569","TOYOTA","35","SIENNA","162806"
"1570","TOYOTA","35","SOLARA","162807"
"1571","TOYOTA","35","SUPRA","162766"
"1572","TOYOTA","35","TACOMA","162767"
"1573","TOYOTA","35","TARAGO","162819"
"1574","TOYOTA","35","TUNDRA","162792"
"1575","TOYOTA","35","URBAN CRUISER","162784"
"1576","TOYOTA","35","VANGUARD","162820"
"1577","TOYOTA","35","VELLFIRE","162821"
"1578","TOYOTA","35","VENZA","162822"
"1579","TOYOTA","35","VERSO","162779"
"1580","TOYOTA","35","VERSO S","162785"
"1581","TOYOTA","35","VIGO","162796"
"1582","TOYOTA","35","VIOS","162780"
"1583","TOYOTA","35","VITZ","162769"
"1584","TOYOTA","35","VITZ II","162770"
"1585","TOYOTA","35","YARIS I","13075"
"1586","TOYOTA","35","YARIS II","162771"
"1587","TOYOTA","35","YARIS III","162772"
"1588","TRIUMPH","94","2500","162833"
"1589","TRIUMPH","94","TR6","162834"
"1590","VAUXHALL","106","AGILA","162864"
"1591","VAUXHALL","106","ANTARA","162863"
"1592","VAUXHALL","106","ASTRA II","162850"
"1593","VAUXHALL","106","ASTRA III","162838"
"1594","VAUXHALL","106","ASTRA IV","13083"
"1595","VAUXHALL","106","ASTRA V","162845"
"1596","VAUXHALL","106","ASTRA VI","162866"
"1597","VAUXHALL","106","CALIBRA","162848"
"1598","VAUXHALL","106","CARLTON II","162835"
"1599","VAUXHALL","106","CAVALIER I","162842"
"1600","VAUXHALL","106","CAVALIER II","162843"
"1601","VAUXHALL","106","CAVALIER III","162849"
"1602","VAUXHALL","106","COMBO B","162839"
"1603","VAUXHALL","106","COMBO C","162858"
"1604","VAUXHALL","106","CORSA II (B)","162840"
"1605","VAUXHALL","106","CORSA III (C)","162859"
"1606","VAUXHALL","106","CORSA IV (D)","13095"
"1607","VAUXHALL","106","FRONTERA A","162836"
"1608","VAUXHALL","106","INSIGNA / SPORTS TOURER","162865"
"1609","VAUXHALL","106","KADETT C","162844"
"1610","VAUXHALL","106","KADETT E","162851"
"1611","VAUXHALL","106","MERIVA A","162860"
"1612","VAUXHALL","106","MERIVA B","162869"
"1613","VAUXHALL","106","MONARO","162857"
"1614","VAUXHALL","106","MOVANO","162856"
"1615","VAUXHALL","106","NOVA","162852"
"1616","VAUXHALL","106","OMEGA","13104"
"1617","VAUXHALL","106","SENATOR B","162837"
"1618","VAUXHALL","106","SIGNUM","162853"
"1619","VAUXHALL","106","TIGRA","162841"
"1620","VAUXHALL","106","TIGRA TWIN TOP","162861"
"1621","VAUXHALL","106","VECTRA I","162847"
"1622","VAUXHALL","106","VECTRA II / GTS","162854"
"1623","VAUXHALL","106","VIVARO","162855"
"1624","VAUXHALL","106","VX220","13112"
"1625","VAUXHALL","106","VXR8","162862"
"1626","VAUXHALL","106","ZAFIRA A","13114"
"1627","VAUXHALL","106","ZAFIRA B","162846"
"1628","VAUXHALL","106","ZAFIRA C","162867"
"1629","VAUXHALL","106","ZAFIRA III","162868"
"1630","VOLVO","37","142","162927"
"1631","VOLVO","37","144","162928"
"1632","VOLVO","37","145","162929"
"1633","VOLVO","37","163","162930"
"1634","VOLVO","37","445","162935"
"1635","VOLVO","37","464","162936"
"1636","VOLVO","37","740 (744, 745)","162945"
"1637","VOLVO","37","760 (704, 764)","162946"
"1638","VOLVO","37","780","162949"
"1639","VOLVO","37","850","162932"
"1640","VOLVO","37","940 (944, 945)","162947"
"1641","VOLVO","37","960 (964, 965)","162948"
"1642","VOLVO","37","C 30","162941"
"1643","VOLVO","37","C 70 I","13193"
"1644","VOLVO","37","C 70 I (COUPE'/CABRIOLET)","162933"
"1645","VOLVO","37","C 70 II","162953"
"1646","VOLVO","37","S 40 I","13195"
"1647","VOLVO","37","S 40 II","162942"
"1648","VOLVO","37","S 60","162938"
"1649","VOLVO","37","S 60 II","162955"
"1650","VOLVO","37","S 70","162934"
"1651","VOLVO","37","S 80","162937"
"1652","VOLVO","37","S 80 II","162952"
"1653","VOLVO","37","V 40 I","162931"
"1654","VOLVO","37","V 40 II / CROSSCOUNTRY","162954"
"1655","VOLVO","37","V 50","162943"
"1656","VOLVO","37","V 60","162956"
"1657","VOLVO","37","V 70 I STATION WAGON","13205"
"1658","VOLVO","37","V 70 II STATION WAGON","162939"
"1659","VOLVO","37","V 70 III STATION WAGON","162951"
"1660","VOLVO","37","V 90","162950"
"1661","VOLVO","37","XC 60","162957"
"1662","VOLVO","37","XC 70 / CROSS COUNTRY","162940"
"1663","VOLVO","37","XC 70 II / CROSS COUNTRY","162958"
"1664","VOLVO","37","XC 90","162944"
"1665","WIESMANN","89","ROADSTER MF3","162959"
"1666","WIESMANN","89","ROADSTER MF30","162960"
