"ACCDA100-150","BMC CDA AIRBOX 100/150/200 (CDA100-150) **NEW**","251.8400","503.6800","503.6800"
"ACCDA70-130","BMC CDA AIRBOX 70/130/185 (CDA70-130)","203.5500","407.1000","407.1000"
"ACCDA70-130SILVER","BMC CDA AIR BOX 70/130/185MM - SILVER","203.5500","407.1000","407.1000"
"ACCDA85-150","BMC CDA AIRBOX 85/150/200 (CDA85-150)","199.0000","460.7800","460.7800"
"ACCDA85-150SILVER","BMC CDA AIR BOX 85/150/200MM - SILVER","230.3900","460.7800","460.7800"
"ACCDARI-130","BMC CDA REPL FILTER  (CDARI-130)","99.4100","198.8200","198.8200"
"ACCDARI-150","BMC CDA REPL FILTER  (CDARI-150)","115.4800","230.9600","230.9600"
"ACCDARI-150-110","BMC CDA REPL FILTER  (CDARI-150-110)","115.4800","230.9600","230.9600"
"ACCDARI-150-110-017","BMC CDA REPL FILTER (CDARI-150-110-017)","115.4800","230.9600","230.9600"
"ACCDASP-01","BMC CDA S/AIRBOX 80/150/200 (CDASP-01)","236.2500","472.5000","472.5000"
"ACCDASP-02","BMC CDA S/AIRBOX 80/150/260 (CDASP-02)","279.2500","558.5000","558.5000"
"ACCDASP-03","BMC CDA S/AIRBOX 92/150/260 (CDASP-03)","279.2500","558.5000","558.5000"
"ACCDASP-05","BMC CDA S/AIRBOX 70/150/200 (CDASP-05)","279.2500","558.5000","558.5000"
"ACCDASP-06","BMC CDA S/AIRBOX 100/186/236 (CDASP-06)","800.0400","1600.0800","1600.0800"
"ACCDASP-07","BMC CDA S/AIRBOX 85/150/160 (CDASP-07)","236.2500","472.5000","472.5000"
"ACCDASP-08","BMC CDA S/AIRBOX 70/150/160 (CDASP-08)","236.2500","472.5000","472.5000"
"ACCDASP-09","BMC CDA S/AIRBOX 80/150/200 (CDASP-09)","279.2500","558.5000","558.5000"
"ACCDASP-10","BMC CDA S/AIRBOX 70/150/200 (CDASP-10)","247.0200","494.0400","494.0400"
"ACCDASP-11","BMC CDA S/AIRBOX 81/150/200 (CDASP-11)","236.2500","472.5000","472.5000"
"ACCDASP-12","BMC CDA S/AIRBOX 80/150/260 (CDASP-12)","279.2500","558.5000","558.5000"
"ACCDASP-13","BMC CDA S/AIRBOX SP/150/160 (CDASP-13S)","279.2500","558.5000","558.5000"
"ACCDASP-14","BMC CDA S/AIRBOX 70/150/200 (CDASP-14)","279.2500","558.5000","558.5000"
"ACCDASP-16","BMC CDA S/AIRBOX 60/130/185 (CDASP-16)","279.2500","558.5000","558.5000"
"ACCDASP-17","BMC CDA S/AIRBOX 87/150/260 (CDASP-17)","279.2500","558.5000","558.5000"
"ACCDASP-19","BMC CDA S/AIRBOX 70/130/185 (CDASP-19)","204.0300","408.0600","408.0600"
"ACCDASP-20","BMC CDA S/AIRBOX 70/150/160 (CDASP-20)","247.0200","494.0400","494.0400"
"ACCDASP-21","BMC CDA S/AIRBOX SP/150/160 (CDASP-21)","300.7000","601.4000","601.4000"
"ACCDASP-22","BMC CDA S/AIRBOX 85/150/200 (CDASP-22)","247.0200","494.0400","494.0400"
"ACCDASP-26","BMC CDA S/AIRBOX 70/150/200 (CDA SP-26) MINI COOPER S SERIES II","279.2500","558.5000","558.5000"
"ACCDASP-28","BMC CDA S/AIRBOX SPECIFIC 150/200 (CDA SP-28) MITS. LANCER EVO IX","279.2500","558.5000","558.5000"
"ACCDASP-30","BMC CDA S/AIRBOX 76/150/160 (CDA SP-30) SUBARU IMPREZA Sti 05>08","451.0500","902.1000","902.1000"
"ACCDASP-31","BMC CDA S/AIRBOX 80/150/200 (CDA SP-31) FORD FOCUS ST 225HP","279.2500","558.5000","558.5000"
"ACCDASP-33","BMC CDA S/AIRBOX 87/150/200 (CDA SP-33) ALFA ROMEO 147/156 V6 GTA","247.0200","494.0400","494.0400"
"ACCDASP-37","BMC CDA S/AIRBOX 70/150/160 (CDA SP-37) OPEL CORSA / HOLDEN BARINA","247.0200","494.0400","494.0400"
"ACCDASP-39","BMC CDA S/AIRBOX 70/150/200 (CDA SP-39) VW GOLF 1.4 TSI","247.0200","494.0400","494.0400"
"ACCDASP-45","BMC CDA S/AIRBOX 100/150/400 (CDASP-45) HONDA S2000 *NEW*","370.5300","741.0600","741.0600"
"ACOTA70/85L170-B","BMC OTA AIRBOX 70/85/170 (ACOTA70/85L170-B)","294.8400","589.6800","589.6800"
"ACOTA70/85L170-B-WP","BMC OTA TRUMPET AIR BOX","294.8400","589.6800","589.6800"
"ACOTA70/85L200-B","BMC OTA AIRBOX 70/85/200 (ACOTA70/85L200-B)","316.2900","632.5800","632.5800"
"ACOTA70/85L230-B","BMC OTA AIRBOX 70/85/230 (ACOTA70/85L230-B)","332.3600","664.7200","664.7200"
"ACOTARI-200","BMC OTA REPLACEMENT FILTER ELEMENT","122.5000","225.0000","225.0000"
"ACOTARI-200WP","BMC OTA REPLACEMENT FILTER ELEMENT","129.8000","235.0000","235.0000"
"ACOTASP-03","BMC OTA KIT (ACOTASP-03) VW GOLF GTI MKVI","369.9700","739.9400","739.9400"
"ACOTASP-04","BMC OTA KIT (ACOTASP-04) SUBARU WRX STI MY09-ON","423.6400","847.2800","847.2800"
"ACOTASP-05","BMC OTA KIT (ACOTASP-05) MITSUBISHI LANCER EVO X","423.6400","847.2800","847.2800"
"ACOTASP-06","BMC OTA Intake System","420.0000","840.0000","840.0000"
"ACOTASP-07","BMC OTA Intake System","420.0000","840.0000","840.0000"
"ACOTASP-08","BMC OTA Intake System","420.0000","840.0000","840.0000"
"ACOTASP-09","BMC OTA Intake System","420.0000","840.0000","840.0000"
"ACOTASP-11WP","BMC OTA Intake System","480.0000","960.0000","960.0000"
"ACOTASP-12","BMC OTA Intake System","420.0000","840.0000","840.0000"
"ACOTASP-13","BMC OTA Intake System","420.0000","840.0000","840.0000"
"ACOTASP-14","BMC OTA Intake System","1200.0000","2400.0000","2400.0000"
"ACOTASP-15WP","BMC OTA Intake System","950.0000","1900.0000","1900.0000"
"ACOTASP-16","BMC OTA Intake System","420.0000","840.0000","840.0000"
"ACOTASP-17","BMC OTA Intake System","420.0000","840.0000","840.0000"
"ACOTASP-18","BMC OTA Intake System","400.0000","800.0000","800.0000"
"ACOTASP-19","BMC OTA Intake System","420.0000","840.0000","840.0000"
"ACOTASP-20","BMC OTA Intake System","420.0000","840.0000","840.0000"
"ACOTASP-21","BMC OTA Intake System","400.0000","800.0000","800.0000"
"ACOTASP-22","BMC OTA Intake System","420.0000","840.0000","840.0000"
"ADDIA70-130","BMC DIA (ADDIA70-130)","118.1300","236.2600","236.2600"
"ADDIA85-150","BMC DIA (ADDIA85-150)","144.9700","289.9400","289.9400"
"ADDIARI-130","BMC DIA REPLACEMENT FILTER ELEMENT(ADDIARI-130)","90.2500","180.5000","180.5000"
"ADDIARI-150","BMC DIA REPLACEMENT FILTER ELEMENT(ADDIARI-150)","99.4100","198.8200","198.8200"
"CRF605/08","BMC CRF Replacement Filters","860.0000","1720.0000","1720.0000"
"CRF612/08","BMC CRF Replacement filters","850.0000","1700.0000","1700.0000"
"CRF614/01","BMC CRF Replacement filter","590.0000","1180.0000","1180.0000"
"CRF642/08","BMC CRF Intake System","1900.0000","3800.0000","3800.0000"
"CRF644/01T","BMC CRF Intake System","3000.0000","6000.0000","6000.0000"
"CRF668/01","BMC CRF Complete Airbox","5500.0000","11000.0000","11000.0000"
"CRF676/01","BMC CRF Intake System","3000.0000","6000.0000","6000.0000"
"CRF704/01","BMC CRF Complete Airbox","4500.0000","9000.0000","9000.0000"
"CRF705/01","BMC CRF Complete Airbox","4400.0000","8800.0000","8800.0000"
"CRF706/01","BMC CRF Half Airbox","2800.0000","5600.0000","5600.0000"
"CRF708/01","BMC CRF Intake System","3000.0000","6000.0000","6000.0000"
"CRF721/01","BMC CRF Intake System","3000.0000","6000.0000","6000.0000"
"CRF722/01","BMC CRF Intake System","1350.0000","2700.0000","2700.0000"
"CRF726/01","BMC CRF Replacement filter","740.0000","1480.0000","1480.0000"
"CSAN-3157-P01","BMC AIR FILTER 335X235X19","250.0000","500.0000","500.0000"
"FB100/01","BMC AIR FILTER  HONDA, HYUNDAI, PEUGEOT.","46.3600","99.0000","99.0000"
"FB101/01","BMC AIR FILTER 177x254 FORD","52.6000","109.0000","109.0000"
"FB102/01","BMC AIR FILTER 213x254 AUDI.BMW.HOLD","48.0000","99.0000","99.0000"
"FB103/01","BMC AIR FILTER 190x335 MERC","67.1900","119.0000","119.0000"
"FB104/01","BMC AIR FILTER 212x216 JAGUAR XJ / VW POLO","67.1900","119.0000","119.0000"
"FB106/01","BMC AIR FILTER HOLDEN TOYOTA","55.0000","99.0000","99.0000"
"FB107/01","BMC AIR FILTER 190x200 HONDA - VARIOUS","67.1900","129.0000","129.0000"
"FB108/01","BMC AIR FILTER 164x206 HOLDEN BARINA","61.8000","109.0000","109.0000"
"FB109/03","BMC AIR FILTER 180x249 ALFA ROMEO 155","67.1900","119.0000","119.0000"
"FB110/03","BMC AIR FILTER 168x300 ALFA ROMEO - VARIOUS","67.1900","119.0000","119.0000"
"FB112/01","BMC AIR FILTER 182x307 AUDI.VW.JAG","67.1900","119.0000","119.0000"
"FB113/01","BMC AIR FILTER 234 X 86 FIAT","67.0000","119.0000","119.0000"
"FB116/05","BMC AIR FILTER 228x268 VW GOLF","54.0000","119.0000","119.0000"
"FB117/01","BMC AIR FILTER 149x259 BMW.MAZDA","52.0000","99.0000","99.0000"
"FB118/01","BMC AIR FILTER 149x325 BMW/FORD","67.1900","119.0000","119.0000"
"FB119/01","BMC AIR FILTER 169x344 VOLVO V40","67.1900","119.0000","119.0000"
"FB120/01","BMC AIR FILTER 186x351 VOLVO","67.1900","119.0000","119.0000"
"FB121/01","BMC AIR FILTER 236x236 BMW","67.1900","119.0000","119.0000"
"FB122/01","BMC AIR FILTER 135x337 AUDI.VW","61.8000","109.0000","109.0000"
"FB123/04","BMC AIR FILTER 131x240 ALFA.FIAT","67.1900","119.0000","119.0000"
"FB124/01","BMC AIR FILTER 107x266 LOTUS.MG","61.8000","109.0000","109.0000"
"FB125/01","BMC AIR FILTER 118x272 CHRYSLER CROSSFIRE","63.9800","119.0000","119.0000"
"FB129/03","BMC AIR FILTER 194x319 FERRARI","85.9000","149.0000","149.0000"
"FB132/01","BMC AIR FILTER 178x244 BMW VARIOUS MODELS","67.1900","119.0000","119.0000"
"FB134/06","BMC AIR FILTER ID91 / OD125 / H62 PEUGEOT/CITROEN","61.8000","109.0000","109.0000"
"FB135/06","BMC AIR FILTER ID164 / OD212 / H108 RENAULT","74.6600","129.0000","129.0000"
"FB136/04","BMC AIR FILTER 240x325 PORSCHE","85.9000","149.0000","149.0000"
"FB138/01","BMC AIR FILTER 140x377 FIAT","67.1900","119.0000","119.0000"
"FB139/01","BMC AIR FILTER 225x286 HOLDEN, MERCEDES","45.0000","99.0000","99.0000"
"FB140/01","BMC AIR FILTER 178x244 PORSCHE BOXSTER","80.6100","149.0000","149.0000"
"FB142/01","BMC AIR FILTER 102x300 CITROEN/PEUGEOT","67.1900","119.0000","119.0000"
"FB145/01","BMC AIR FILTER 204x235 MERC.VOLVO","58.8400","119.0000","119.0000"
"FB146/06","BMC AIR FILTER ID74 / OD111 / H243 CITROEN/PEUGEOT","48.3800","89.0000","89.0000"
"FB147/01","BMC AIR FILTER 204x338 HOLDEN VECTRA","54.0000","99.0000","99.0000"
"FB148/07","BMC AIR FILTER MERCEDES A CLASS","48.0000","99.0000","99.0000"
"FB149/01","BMC AIR FILTER 164x574 BMW","80.6100","149.0000","149.0000"
"FB151/01","BMC AIR FILTER 158x283 SAAB 9-3","61.8000","119.0000","119.0000"
"FB152/01","BMC AIR FILTER 148x396 MG 1.8i","67.1900","119.0000","119.0000"
"FB154/06","BMC AIR FILTER 103x141x250 SEAT","61.8000","109.0000","109.0000"
"FB155/06","BMC AIR FILTER 226x278x62 VW POLO","67.1900","119.0000","119.0000"
"FB156/01","BMC AIR FILTER 171/128x528 PORSCHE","96.2800","199.0000","199.0000"
"FB157/06","BMC AIR FILTER 91x125x236 RENAULT","61.8000","109.0000","109.0000"
"FB158/01","BMC AIR FILTER 184x274 MAZDA","61.8000","109.0000","109.0000"
"FB159/01","BMC AIR FILTER 184x359 AUDI VW SEAT","67.1900","119.0000","119.0000"
"FB164/01","BMC AIR FILTER 134x224 FIAT","51.0300","99.0000","99.0000"
"FB165/04","BMC AIR FILTER 161x246 FIAT","67.1900","109.0000","109.0000"
"FB166/01","BMC AIR FILTER 184x287 FORD/HOLDEN","42.0000","99.0000","99.0000"
"FB167/01","BMC AIR FILTER 94x200 VW","51.0300","99.0000","99.0000"
"FB170/01","BMC AIR FILTER 134x268 CHRY","51.0300","99.0000","99.0000"
"FB175/01","BMC AIR FILTER 155x327 CITROEN.PEUG","67.1900","119.0000","119.0000"
"FB179/07","BMC AIR FILTER 90 X 140 X 128 RENAULT","51.0300","99.0000","99.0000"
"FB180/07","BMC AIR FILTER CYLINDRICAL - 210 ID X 255 OD X 61 H (MM)","51.0300","99.0000","99.0000"
"FB183/07","BMC AIR FILTER ID91 / OD125 H268 RENAULT","51.0300","99.0000","99.0000"
"FB184/01","BMC AIR FILTER 168x282 HOLD.NIS.TOY","44.7000","99.0000","99.0000"
"FB185/04","BMC AIR FILTER 157x310 TOY","67.1900","109.0000","109.0000"
"FB188/01","BMC AIR FILTER 169x205 PEUG.CITR. AUDI","67.1900","109.0000","109.0000"
"FB191/01","BMC AIR FILTER 149x264 FORD","67.1900","109.0000","109.0000"
"FB193/01","BMC AIR FILTER 213x205 MITSUBISHI","69.0000","119.0000","119.0000"
"FB195/01","BMC AIR FILTER 178x522 PORSCHE","118.1300","119.0000","119.0000"
"FB197/08","BMC AIR FILTER 243 X 249 PORSCHE 911-964","85.9000","149.0000","149.0000"
"FB198/07","BMC AIR FILTER ID82 / OD119 H254 RENAULT","61.8000","99.0000","99.0000"
"FB199/04","BMC AIR FILTER 158x337 HONDA","57.0600","109.0000","109.0000"
"FB201/04","BMC AIR FILTER 168x273 HONDA","67.1900","109.0000","109.0000"
"FB208/03","BMC AIR FILTER 194x283 FERRARI","85.9000","149.0000","149.0000"
"FB209/04","BMC AIR FILTER 201x250 MITS","61.8000","109.0000","109.0000"
"FB210/03","BMC AIR FILTER 225x225 MITSUBISHI  VARIOUS","52.0000","99.0000","99.0000"
"FB211/07","BMC AIR FILTER 51x89x135 MERC.SMART","53.2000","99.0000","99.0000"
"FB212/01","BMC AIR FILTER 111x306 PEUGEOT/CITROEN","67.1900","119.0000","119.0000"
"FB213/01","BMC AIR FILTER 168x226  HONDA CIVIC / NISSAN 300ZX","67.1900","119.0000","119.0000"
"FB214/07","BMC AIR FILTER 94x144x139 SAAB 9-5","61.8000","109.0000","109.0000"
"FB215/13","BMC AIR FILTER MERCEDES A CLASS","55.0000","99.0000","99.0000"
"FB217/01","BMC AIR FILTER 233x296 HOLD","54.0000","99.0000","99.0000"
"FB218/01","BMC AIR FILTER 142x90x177 RENAULT TRAFIC","61.8000","109.0000","109.0000"
"FB219/01","BMC AIR FILTER 242x205 TOY.LANDR","66.0000","129.0000","129.0000"
"FB219/01-D","BMC AIR FILTER LANDROVER  RANGEROVER","72.0000","129.0000","129.0000"
"FB220/06","BMC AIR FILTER ID74 / OD111 / H213 PEUGEOT","61.8000","109.0000","109.0000"
"FB222/06","BMC AIR FILTER CYLINDRICAL - 242 ID X 290 OD X 71 H (MM)","61.8000","109.0000","109.0000"
"FB224/01","BMC AIR FILTER MERCEDES VARIOUS","50.0000","99.0000","99.0000"
"FB225/04","BMC AIR FILTER 116x258 TOYOTA","52.6000","99.0000","99.0000"
"FB226/04","BMC AIR FILTER 180x260 HYUNDAI - VARIOUS","52.6000","99.0000","99.0000"
"FB227/04","BMC AIR FILTER 205x195 DAEWOO","49.0300","99.0000","99.0000"
"FB228/07","BMC AIR FILTER 90 X 140 X 195 MITSUBISHI","61.8000","119.0000","119.0000"
"FB229/07","BMC AIR FILTER 90x140x142 NIS","42.0000","99.0000","99.0000"
"FB230/16","BMC AIR FILTER CYL. TAPERED - 109X54 139X88 381 L (MM)","85.9000","149.0000","149.0000"
"FB231/07","BMC AIR FILTER 90x149x286 LANDROVER - VARIOUS","83.2500","149.0000","149.0000"
"FB232/07","BMC AIR FILTER 91X140X220 PORSCHE","61.8000","109.0000","109.0000"
"FB233/01","BMC AIR FILTER 169x155 NISSAN","61.8000","109.0000","109.0000"
"FB235/01","BMC AIR FILTER 190x230 RENAULT CLIO V6","72.4800","129.0000","129.0000"
"FB238/01","BMC AIR FILTER 212x312 VW","72.4800","129.0000","129.0000"
"FB243/06","BMC AIR FILTER 91x125x250 RENAULT","61.8000","109.0000","109.0000"
"FB250/01","BMC AIR FILTER 215x355 VOLVO S80","61.8000","129.0000","129.0000"
"FB252/01","BMC AIR FILTER 139x187 VW POLO","51.0300","99.0000","99.0000"
"FB253/01","BMC AIR FILTER CITROEN  PEUGEOT","55.0000","99.0000","99.0000"
"FB257/01","BMC AIR FILTER 216x326 VOLVO","72.4800","129.0000","129.0000"
"FB258/01","BMC AIR FILTER 155x381 MERC","72.4800","129.0000","129.0000"
"FB259/01","BMC AIR FILTER 255x286 AUDI - VARIOUS","72.4800","129.0000","129.0000"
"FB260/01","BMC AIR FILTER 85x460 MERC","56.4200","109.0000","109.0000"
"FB262/01","BMC AIR FILTER 134x355 MERCEDES","67.1900","119.0000","119.0000"
"FB263/06","BMC AIR FILTER 72x108x262 VW POLO / AUDI","59.0600","109.0000","109.0000"
"FB264/16","BMC AIR FILTER 109x54 139x88x495 LANDROVER","92.0000","179.0000","179.0000"
"FB266/01","BMC AIR FILTER 263x250 HOLDEN","80.6100","139.0000","139.0000"
"FB267/01","BMC AIR FILTER 232x257 MERCEDES, ISUZU","67.1900","119.0000","119.0000"
"FB269/01","BMC AIR FILTER 150x284 BMW","67.1900","119.0000","119.0000"
"FB271/01","BMC AIR FILTER 190X315 MERC","72.4800","129.0000","129.0000"
"FB272/01","BMC AIR FILTER 308X134 ALFA ROMEO","67.1900","119.0000","119.0000"
"FB275/01","BMC AIR FILTER 102x316 RENAULT","67.1900","119.0000","119.0000"
"FB276/01","BMC AIR FILTER 200/110x271 PEUGEOT/CITROEN","72.4800","129.0000","129.0000"
"FB277/01","BMC AIR FILTER 275x315 MERC.FORD.VW","80.6100","149.0000","149.0000"
"FB278/05","BMC AIR FILTER 209x302 VW","72.4800","129.0000","129.0000"
"FB279/01","BMC AIR FILTER 212x266 AUDI","67.1900","119.0000","119.0000"
"FB281/01","BMC AIR FILTER 120x307 CHRYSLER CROSSFIRE 3.2 SRT-6","67.1900","119.0000","119.0000"
"FB282/03","BMC AIR FILTER 120x268 HOLDEN","65.7700","109.0000","109.0000"
"FB283/04","BMC AIR FILTER 228x289 HOLD","45.0000","99.0000","99.0000"
"FB284/01","BMC AIR FILTER 163x299 ALFA 147  1.9 INC.GT 04>","72.4800","129.0000","129.0000"
"FB285/01","BMC AIR FILTER 218x278 VW T4 TRANSPORTER","72.4800","129.0000","129.0000"
"FB286/08","BMC AIR FILTER 233x234 PORSCHE","83.2500","149.0000","149.0000"
"FB287/01","BMC AIR FILTER FORD MONDEO","58.0000","109.0000","109.0000"
"FB288/06","BMC AIR FILTER CYLINDRICAL - 242 ID X 290 OD X 65 H (MM)","61.8000","109.0000","109.0000"
"FB290/01","BMC AIR FILTER 206x290 HOLD.CHRY","61.8000","109.0000","109.0000"
"FB291/01","BMC AIR FILTER 170x271 VOLVO V50 1.6D","72.4800","129.0000","129.0000"
"FB293/04","BMC AIR FILTER 319 X 150 FIAT / CITROEN / PEUGOET","56.4200","99.0000","99.0000"
"FB295/01","BMC AIR FILTER 170x271 FIAT.FORD","67.1900","119.0000","119.0000"
"FB297/01","BMC AIR FILTER 167x217 FORD.MINI","67.1900","119.0000","119.0000"
"FB298/01","BMC AIR FILTER 180x396 PORSCHE","80.6100","149.0000","149.0000"
"FB305/01","BMC AIR FILTER 182x294 BMW","67.1900","119.0000","119.0000"
"FB306/04","BMC AIR FILTER 117x266 TOYOTA ECHO","56.4200","99.0000","99.0000"
"FB307/04","BMC AIR FILTER 150x290 TOY","57.9500","109.0000","109.0000"
"FB308/03","BMC AIR FILTER 155x250 TOYOTA COROLLA / CELICA","54.0000","99.0000","99.0000"
"FB309/20","BMC AIR FILTER 139 X 289 MAZDA / PEUGEOT / CITROEN","54.3800","109.0000","109.0000"
"FB311/01","BMC AIR FILTER 217x127x217 SEAT.VW","61.8000","109.0000","109.0000"
"FB313/20","BMC AIR FILTER 83 X 375  RENAULT","67.1900","109.0000","109.0000"
"FB314/01","BMC AIR FILTER 114x317 CITROEN","67.1900","109.0000","109.0000"
"FB315/20","BMC AIR FILTER 101x335 CITROEN C2 / C3","67.1900","119.0000","119.0000"
"FB316/04","BMC AIR FILTER 135x375 TOYOTA","67.1900","119.0000","119.0000"
"FB317/20","BMC AIR FILTER 154x300 VW POLO","67.1900","119.0000","119.0000"
"FB318/01","BMC AIR FILTER 189x287 VOLVO V50 / VW POLO","61.8000","119.0000","119.0000"
"FB319/01","BMC AIR FILTER 189x254 CHRYSLER","67.1900","119.0000","119.0000"
"FB320/01","BMC AIR FILTER 222/103x317 CHRYSLER","67.1900","119.0000","119.0000"
"FB327/04","BMC AIR FILTER 239x302 FORD","51.0000","99.0000","99.0000"
"FB328/04","BMC AIR FILTER 163x257 MAZDA","67.1900","119.0000","119.0000"
"FB329/16","BMC AIR FILTER 77x107x249 MERC. BENZ SLK R171","67.1900","119.0000","119.0000"
"FB330/01","BMC AIR FILTER 213x353 MITSUBISHI MAGNA","85.9000","149.0000","149.0000"
"FB333/01","BMC AIR FILTER 241x188x241 RENAULT","61.8000","109.0000","109.0000"
"FB334/01","BMC AIR FILTER 97x173x173 RENAULT","61.8000","109.0000","109.0000"
"FB335/01","BMC AIR FILTER 185x386 AUDI PORSCHE VW","67.1900","119.0000","119.0000"
"FB337/01","BMC AIR FILTER 215x325 VOLVO XC90 2.5T/T6/2.4","72.4800","129.0000","129.0000"
"FB345/01","BMC AIR FILTER 168x282 MINI COOPER S","67.1900","119.0000","119.0000"
"FB347/03","BMC AIR FILTER 194x346 FERRARI 575 MARANELLO","96.6700","179.0000","179.0000"
"FB348/04","BMC AIR FILTER 120x258 TOYOTA","67.1900","109.0000","109.0000"
"FB349/12","BMC AIR FILTER 106x155x219 MASERATI - VARIOUS","72.4800","149.0000","149.0000"
"FB351/01","BMC AIR FILTER 154/229x294 BMW","72.4800","129.0000","129.0000"
"FB352/01","BMC AIR FILTER 249x323 HOLD","67.1900","109.0000","109.0000"
"FB353/06","BMC AIR FILTER ID90 / OD138 / H185 AUDI","61.8000","109.0000","109.0000"
"FB357/16","BMC AIR FILTER 77 X 108 X 425 MERCEDES E CLASS","67.1900","129.0000","129.0000"
"FB358/16","BMC AIR FILTER 113x312 VOLVO","72.4800","129.0000","129.0000"
"FB359/20","BMC AIR FILTER 374 X 87 FIAT","64.4500","119.0000","119.0000"
"FB379/04","BMC AIR FILTER 227x373 MAZDA RX8","72.4800","129.0000","129.0000"
"FB380/08","BMC AIR FILTER ID130 / OD158 / H204 DODGE","72.4800","119.0000","119.0000"
"FB381/01","BMC AIR FILTER 200x403 CHEV","67.1900","119.0000","119.0000"
"FB382/01","BMC AIR FILTER 222x347 AUDI SKODA VW","55.0000","119.0000","119.0000"
"FB383/04","BMC AIR FILTER 175x320 MAZDA","67.1900","119.0000","119.0000"
"FB384/20","BMC AIR FILTER 154x300 VW / TOYOTA","72.4800","129.0000","129.0000"
"FB385/04","BMC AIR FILTER 200x312 MAZDA","67.1900","119.0000","119.0000"
"FB390/06","BMC AIR FILTER 108x158x146 TOYOTA LANDCRUISER","44.0000","99.0000","99.0000"
"FB391/06","BMC AIR FILTER ID292 / OD344 / H71 UNIVERSAL/FORD/HOLLEY","67.1900","119.0000","119.0000"
"FB392/01","BMC AIR FILTER 168x371 SUBARU","61.8000","109.0000","109.0000"
"FB396/08","BMC AIR FILTER 69x130x195 VW","67.1900","119.0000","119.0000"
"FB404/20","BMC AIR FILTER 165x115x215  MINI COOPER","72.4800","129.0000","129.0000"
"FB406/16","BMC AIR FILTER 77 X 108 X 331 MERCEDES C CLASS","67.1900","119.0000","119.0000"
"FB408/01","BMC AIR FILTER 172x284 VOLVO V50 2.0D","67.1900","119.0000","119.0000"
"FB409/01","BMC AIR FILTER 136x172x406 AUDI.VW","72.4800","129.0000","129.0000"
"FB411/04","BMC AIR FILTER 236x297 KIA","57.9500","109.0000","109.0000"
"FB414/01","BMC AIR FILTER 150X382 LAMBORGHINI MURCIELAGO","83.2500","149.0000","149.0000"
"FB416/16","BMC AIR FILTER 161x54x197x87 PORSCHE","85.9000","149.0000","149.0000"
"FB417/06","BMC AIR FILTER 300x350x80 UNIV.HOLLEY","52.6000","99.0000","99.0000"
"FB420/01","BMC AIR FILTER 120/185x489 PORSCHE","193.3500","349.0000","349.0000"
"FB421/01","BMC AIR FILTER 273x183x312  BMW VARIOUS","72.4800","129.0000","129.0000"
"FB422/08","BMC AIR FILTER 134x174x180 MASERATI","67.1900","149.0000","149.0000"
"FB429/01","BMC AIR FILTER 241 X 336 VOLVO 740-960","67.1900","129.0000","129.0000"
"FB430/01","BMC AIR FILTER 214x289 VOLVO V90","67.1900","119.0000","119.0000"
"FB432/01","BMC AIR FILTER 140x238 RENAULT","67.1900","119.0000","119.0000"
"FB433/01","BMC AIR FILTER 231x129x304 Volvo XC90 4.4 V8","75.2200","129.0000","129.0000"
"FB434/01","BMC AIR FILTER 211x140x225 Volvo XC90/70 2.4 D5","72.4800","129.0000","129.0000"
"FB437/08","BMC AIR FILTER 210x344 PORSCHE","83.2500","149.0000","149.0000"
"FB442/08","BMC AIR FILTER 158x515 PORSCHE","83.2500","149.0000","149.0000"
"FB443/03","BMC AIR FILTER 194x283 FERRARI","85.9000","149.0000","149.0000"
"FB444/01","BMC AIR FILTER 133x342 AUDI.VW.SEAT","67.1900","119.0000","119.0000"
"FB445/08","BMC AIR FILTER 69 X 115 X 142 BMW 1 SERIES","72.4800","129.0000","129.0000"
"FB446/03","BMC AIR FILTER 203x211 FIAT","61.8000","109.0000","109.0000"
"FB447/01","BMC AIR FILTER 257x84x142 BMW","153.0900","249.0000","249.0000"
"FB454/08","BMC AIR FILTER 110/168x245 ALFA ROMEO - VARIOUS","61.8000","119.0000","119.0000"
"FB457/01","BMC AIR FILTER 188 X 165 FORD FIESTA 2.0ST","57.9500","109.0000","109.0000"
"FB458/20","BMC AIR FILTER 115x249 SMART FORFOUR","61.8000","109.0000","109.0000"
"FB459/01","BMC AIR FILTER 218 X 172 MERCEDES A / B CLASS","67.1900","119.0000","119.0000"
"FB460/01","BMC AIR FILTER 101 X 354 CITROEN / PEUGEOT","67.1900","119.0000","119.0000"
"FB463/01","BMC AIR FILTER 170 X 184 SUZUKI","61.8000","109.0000","109.0000"
"FB464/04","BMC AIR FILTER 224 X 195 X 136 HONDA CIVIC 1.8","67.1900","119.0000","119.0000"
"FB468/20","BMC AIR FILTER 245 X 150 PORSCHE 911-997 GT2 (KIT)","120.8700","229.0000","229.0000"
"FB469/04","BMC AIR FILTER 331x140x240 HOLDEN VE","53.2000","99.0000","99.0000"
"FB471/20","BMC AIR FILTER 340x184 BENTLEY CONTINENTAL GT 6.0","190.0000","349.0000","349.0000"
"FB472/20","BMC AIR FILTER 312 X 273 X 170 BMW","64.4500","119.0000","119.0000"
"FB473/04","BMC AIR FILTER 631x187 PORSCHE 911-997 TURBO","133.7200","249.0000","249.0000"
"FB474/20","BMC AIR FILTER 303 X 237 X 119 FORD MONDEO","72.4800","129.0000","129.0000"
"FB476/20","BMC AIR FILTER 124x266x287 (t) VOLVO V50 D5 CDPF","61.8000","119.0000","119.0000"
"FB477/20","BMC AIR FILTER 348x227x127 Volvo S80","61.8000","119.0000","119.0000"
"FB479/20","BMC AIR FILTER 84 X 235 X 303 BMW","67.1900","119.0000","119.0000"
"FB480/20","BMC AIR FILTER 422 X 94 CITROEN / PUEGEOT","67.1900","119.0000","119.0000"
"FB483/20","BMC AIR FILTER 182x169 NISSAN 350Z / V35/ 370Z  COMPLETE KIT","99.4100","199.0000","199.0000"
"FB484/08","BMC AIR FILTER 366x147 MINI COOPER S MKII","61.8000","109.0000","109.0000"
"FB485/20","BMC AIR FILTER 496x83 MINI COOPER  MKII","61.8000","109.0000","109.0000"
"FB486/20","BMC AIR FILTER MERCEDES V12","60.0000","109.0000","109.0000"
"FB487/20","BMC AIR FILTER 339x191 FERRARI 612SCAGLIETTI / F599 GTB","83.2500","149.0000","149.0000"
"FB488/20","BMC AIR FILTER 136x278x172 Honda CIVIC TYPE R","67.1900","119.0000","119.0000"
"FB489/20","BMC AIR FILTER MERCEDES A CLASS","60.0000","109.0000","109.0000"
"FB494/20","BMC AIR FILTER 356x287 BMW 3 SERIES (E90-93)","67.1900","129.0000","129.0000"
"FB495/08","BMC AIR FILTER AUDI A6","60.0000","109.0000","109.0000"
"FB497/20","BMC AIR FILTER MERCEDES W204 320CDI C CLASS - KIT","120.8700","199.0000","199.0000"
"FB498/20","BMC AIR FILTER TOYOTA VARIOUS","60.0000","109.0000","109.0000"
"FB500/20","BMC AIR FILTER SSANGYONG","61.8000","109.0000","109.0000"
"FB501/20","BMC AIR FILTER 305x181x84 HONDA CIVIC","61.8000","109.0000","109.0000"
"FB502/20","BMC AIR FILTER 229 X 282 HOLDEN CAPTIVA","56.1600","109.0000","109.0000"
"FB503/20","BMC AIR FILTER 188 X 197 HYUNDAI","61.8000","109.0000","109.0000"
"FB505/20","BMC AIR FILTER KIA VARIOUS","60.0000","99.0000","99.0000"
"FB506/20","BMC AIR FILTER FORD MUSTANG V8 2005-09","55.0000","99.0000","99.0000"
"FB507/04","BMC AIR FILTER 165 X 187 MUSTANG SVT COBRA","52.6000","129.0000","129.0000"
"FB508/20","BMC AIR FILTER 286 X 225 FORD","53.1000","99.0000","99.0000"
"FB513/20","BMC AIR FILTER 230x146 SUZUKI SWIFT","67.1900","119.0000","119.0000"
"FB514/20","BMC AIR FILTER 119 X 241 SUZUKI SWIFT","61.8000","109.0000","109.0000"
"FB518/08","BMC AIR FILTER BMW 1  3 SERIES  X1","62.0000","119.0000","119.0000"
"FB521/20","BMC AIR FILTER 154 X 308 MERCEDES 63 AMG","67.1900","119.0000","119.0000"
"FB522/20","BMC AIR FILTER 211 X 221 CHRYSLER 300C 3.0V6 CRD","67.1900","119.0000","119.0000"
"FB523/03","BMC AIR FILTER 153 X 327 LAMBORGHINI GALLARDO V10 (KIT)","120.8700","249.0000","249.0000"
"FB532/20","BMC AIR FILTER 132 x 248 MINI COOPER 1.6 DPF DIESEL","61.8000","109.0000","109.0000"
"FB533/08","BMC AIR FILTER 134 X 159 X 172 AUDI S5","175.1100","349.0000","349.0000"
"FB535/20","BMC AIR FILTER SMART","52.0000","99.0000","99.0000"
"FB536/08","BMC AIR FILTER BMW 3 SERIES","83.2500","149.0000","149.0000"
"FB538/20","BMC AIR FILTER 166 X 189 NISSAN R35 GT-R (KIT)","131.5400","249.0000","249.0000"
"FB539/20","BMC AIR FILTER 273x185 MIT LANCER  EVO X","66.0000","129.0000","129.0000"
"FB544/08","BMC AIR FILTER 87x138x154 CYL. S8","106.0900","199.0000","199.0000"
"FB545/20","BMC AIR FILTER AUDI A4 A5 Q5","67.1900","119.0000","119.0000"
"FB546/20","BMC AIR FILTER MASERATI V8","77.0000","149.0000","149.0000"
"FB550/08","BMC AIR FILTER 119x163x171 PORSCHE 911 KIT","144.9700","299.0000","299.0000"
"FB552/08","BMC AIR FILTER 357 X 170 X 104 TOYOTA HILUX / PRADO","60.0000","109.0000","109.0000"
"FB555/01","BMC AIR FILTER FIAT PUNTO  OPEL","51.2000","109.0000","109.0000"
"FB558/08","BMC AIR FILTER OD222 X H176 TOYOTA  FORD  MAZDA","60.0000","129.0000","129.0000"
"FB559/08","BMC AIR FILTER 157 X 170 X 212 FORD FOCUS / VOLVO","59.0000","118.0000","118.0000"
"FB562/08","BMC AIR FILTER AUDI S6 V10","138.0000","249.0000","249.0000"
"FB564/20","BMC AIR FILTER MASERATI QUATTROPORTE III","88.0000","169.0000","169.0000"
"FB565/20","BMC AIR FILTER 220 X 215 SUBARU WRX STI","67.1900","119.0000","119.0000"
"FB566/04","BMC AIR FILTER FORD FG FALCON 6CYL / V8","49.5000","99.0000","99.0000"
"FB573/08","BMC AIR FILTER 91x161x183 AUDI A6 QUATTRO / 3.2 FSI","85.9000","149.0000","149.0000"
"FB574/20","BMC AIR FILTER 163x198x153 FORD FIESTA","67.1900","119.0000","119.0000"
"FB575/20","BMC AIR FILTER 247x190x130 RENAULT MEGANE","67.1900","119.0000","119.0000"
"FB576/08","BMC AIR FILTER AUDI A1  VW POLO 1.4 GTI","66.0000","129.0000","129.0000"
"FB578/20","BMC AIR FILTER 370x189 VW POLO","67.1900","119.0000","119.0000"
"FB580/20","BMC AIR FILTER 253x172 HYUNDAI - VARIOUS","67.1900","119.0000","119.0000"
"FB582/20","BMC AIR FILTER 693x122 PORSCHE PANAMERA","150.3500","299.0000","299.0000"
"FB584/20","BMC AIR FILTER 321x254 BMW X6 (E71) 3.5 XD","115.4800","199.0000","199.0000"
"FB591/20","BMC AIR FILTER TOYOTA PRIUS  LEXUS CT 200H","52.0000","99.0000","99.0000"
"FB593/04","BMC AIR FILTER PORSCHE 911","135.0000","249.0000","249.0000"
"FB594/20","BMC AIR FILTER OPEL VARIOUS  SAAB 9-5","59.0000","109.0000","109.0000"
"FB600/20","BMC AIR FILTER OPEL ASTRA  GTC","54.0000","99.0000","99.0000"
"FB601/08","BMC AIR FILTER MERCEDES BENZ","66.0000","119.0000","119.0000"
"FB604/20","BMC AIR FILTER OPEL ASTRA  GTC","54.0000","99.0000","99.0000"
"FB608/20","BMC AIR FILTER BMW X3 / Z4","67.0000","149.0000","149.0000"
"FB614/01","BMC AIR FILTER FERRARI 458 ITALIA","159.0000","299.0000","299.0000"
"FB618/01","BMC AIR FILTER HONDA JAZZ","48.0000","99.0000","99.0000"
"FB619/01","BMC AIR FILTER HONDA JAZZ  FIT","51.0000","99.0000","99.0000"
"FB622/01","BMC AIR FILTER CR-V 2.4","55.0000","109.0000","109.0000"
"FB629/08","BMC AIR FILTER FPV GT/GS SUPERCHARGED V8 2011","59.0000","129.0000","129.0000"
"FB630/20","BMC AIR FILTER BMW 135I / 3 SERIES 335I / X1","69.0000","149.0000","149.0000"
"FB633/20","BMC AIR FILTER VOLVO S / XC / V SERIES","60.0000","119.0000","119.0000"
"FB638/08","BMC AIR FILTER HOLDEN RODEO DIESEL","65.0000","118.0000","118.0000"
"FB641/01","BMC AIR FILTER NISSAN TIIDA / MICRA / CUBE","55.0000","99.0000","99.0000"
"FB643/08","BMC AIR FILTER GIULIETTA","67.0000","149.0000","149.0000"
"FB646/20","BMC AIR FILTER AUDI A1","59.0000","119.0000","119.0000"
"FB647/20","BMC AIR FILTER BMW M5  M6 V8","126.0000","249.0000","249.0000"
"FB649/08","BMC AIR FILTER JEEP CHEROKEE  GRAND WAGONEER V8","45.0000","99.0000","99.0000"
"FB650/08","BMC AIR FILTER FORD F SERIES V8  V10","58.0000","109.0000","109.0000"
"FB651/20","BMC AIR FILTER BMW X SERIES / GT","66.0000","149.0000","149.0000"
"FB653/20","BMC AIR FILTER BMW 5 SERIES","60.0000","119.0000","119.0000"
"FB654/20","BMC AIR FILTER BMW X5  X6 M SERIES V8","98.0000","199.0000","199.0000"
"FB656/04","BMC AIR FILTER MERCEDES C  E CLASS 2008 ON","89.0000","179.0000","179.0000"
"FB657/01","BMC AIR FILTER TOYOTA CAMRY 2.4 & 3.0 / KLUGER","48.0000","99.0000","99.0000"
"FB658/01","BMC AIR FILTER SWIFT  WAGON R","43.0000","89.0000","89.0000"
"FB661/01","BMC AIR FILTER HYUNDAI ACCENT  KIA RIO JB","58.0000","109.0000","109.0000"
"FB665/01","BMC AIR FILTER SUZUKI ALTO 2010 ON","42.0000","89.0000","89.0000"
"FB667/20","BMC AIR FILTER RENAULT LAGUNA  LATITUDE","44.0000","99.0000","99.0000"
"FB670/20","BMC AIR FILTER MAZDA CX-9","59.0000","119.0000","119.0000"
"FB674/20","BMC AIR FILTER NISSAN  X-TRAIL / DUALIS","55.0000","99.0000","99.0000"
"FB675/20","BMC AIR FILTER VW AMAROK FILTER","55.0000","129.0000","129.0000"
"FB677/08","BMC AIR FILTER BMW 1  3 SERIES  X1","56.0000","109.0000","109.0000"
"FB680/20","BMC AIR FILTER LANDCRUISER  LEXUS V8","62.0000","119.0000","119.0000"
"FB682/01","BMC AIR FILTER HUMMER H3","66.0000","129.0000","129.0000"
"FB687/08","BMC AIR FILTER MINI 2010 ON","58.0000","119.0000","119.0000"
"FB688/20","BMC AIR FILTER BMW X3 E83","68.0000","129.0000","129.0000"
"FB689/01","BMC AIR FILTER MX5 NC","59.0000","109.0000","109.0000"
"FB690/20","BMC AIR FILTER NISSAN PATHFINDER","59.0000","109.0000","109.0000"
"FB692/20","BMC AIR FILTER NISSAN PATROL V8","57.0000","109.0000","109.0000"
"FB693/08","BMC AIR FILTER AUDI S6  S7","74.0000","149.0000","149.0000"
"FB695/01","BMC AIR FILTER HONDA CRZ HYBRID","55.0000","109.0000","109.0000"
"FB702/20","BMC AIR FILTER BMW 1  3 SERIES","57.0000","109.0000","109.0000"
"FB709/01","BMC AIR FILTER PORSCHE 911","135.0000","249.0000","249.0000"
"FB710/20","BMC AIR FILTER TOYOTA CAMRY  COROLLA  RAV4  TARAGO","54.0000","109.0000","109.0000"
"FB711/20","BMC AIR FILTER HYUNDAI ACCENT  VELOSTER  KIA RIO  SOUL","47.0000","99.0000","99.0000"
"FB719/20","BMC AIR FILTER AUDI RS4  RS5","135.0000","249.0000","249.0000"
"FB720/01","BMC AIR FILTER MERCEDES VARIOUS 2011 ON","69.0000","129.0000","129.0000"
"FB723/20","BMC AIR FILTER AUDI RS6","135.0000","249.0000","249.0000"
"FB724/01","BMC AIR FILTER BMW 5 SERIES  X1  Z4","62.0000","119.0000","119.0000"
"FB728/20","BMC AIR FILTER CITROEN  PEUGEOT VARIOUS","58.0000","119.0000","119.0000"
"FB729/01","BMC AIR FILTER HYUNDAI i30  i40  ix35  KIA SPORTAGE","58.0000","119.0000","119.0000"
"FB730/20","BMC AIR FILTER BMW 3 SERIES E90  E91  E92  E93","69.0000","129.0000","129.0000"
"FB731/20","BMC AIR FILTER PROTON GEN 2  SATRIA","52.0000","99.0000","99.0000"
"FB740/20","BMC AIR FILTER BMW 1  3 SERIES F20  F30","66.0000","129.0000","129.0000"
"FB741/01","BMC AIR FILTER MITSUBISHI HOLDEN","55.0000","109.0000","109.0000"
"FB743/08","BMC AIR FILTER AUDI A8","77.0000","149.0000","149.0000"
"FB745/20","BMC PANEL FILTER 179 X 286 LAND ROVER","65.0000","119.0000","119.0000"
"FB748/20","BMC AIR FILTER RANGE ROVER 2009 ON","135.0000","249.0000","249.0000"
"FB750/04","BMC CONICAL AIR FILTER KIT PORSCHE BOXSTER","140.0000","249.0000","249.0000"
"FB752/20","BMC 294 X 172 PANEL FILTER","65.0000","119.0000","119.0000"
"FB755/20","BMC AIR FILTER JAGUAR XK  XKR 5.0 V8","65.0000","119.0000","119.0000"
"FB756/20","BMC PANEL FILTER AUSI SKODA VW","65.0000","119.0000","119.0000"
"FB757/01","BMC FILTER AUDI SKODA VW","65.0000","119.0000","119.0000"
"FB760/01","BMC PANEL FILTER HYUNDAI KIA","60.0000","109.0000","109.0000"
"FB762/20","BMC PANEL FILTER MERCEDES","65.0000","119.0000","119.0000"
"FB763/20","BMC FILTER BMC X3","72.0000","129.0000","129.0000"
"FB765/08","BMC FILTER AUDI A6","72.0000","129.0000","129.0000"
"FBSA100-110","BMC SINGLE AIR POD","51.0300","99.0000","99.0000"
"FBSA100-140","BMC SINGLE AIR POD","51.0300","99.0000","99.0000"
"FBSA110-140","BMC SINGLE AIR POD","51.0300","99.0000","99.0000"
"FBSA12-40","BMC SINGLE AIR POD","29.5800","79.0000","79.0000"
"FBSA16-40","BMC SINGLE AIR POD","29.5800","79.0000","79.0000"
"FBSA20-40","BMC SINGLE AIR POD","29.5800","79.0000","79.0000"
"FBSA25-40","BMC SINGLE AIR POD","29.5800","79.0000","79.0000"
"FBSA30-40","BMC SINGLE AIR POD","29.5800","79.0000","79.0000"
"FBSA60-110","BMC SINGLE AIR POD","51.0300","99.0000","99.0000"
"FBSA60-128","BMC SINGLE AIR POD","51.0300","99.0000","99.0000"
"FBSA60-140","BMC SINGLE AIR POD","51.0300","99.0000","99.0000"
"FBSA60-150","BMC SINGLE AIR POD","51.0300","99.0000","99.0000"
"FBSA65-128","BMC SINGLE AIR POD","51.0300","99.0000","99.0000"
"FBSA65-150","BMC SINGLE AIR POD","51.0300","99.0000","99.0000"
"FBSA70-110","BMC SINGLE AIR POD","51.0300","99.0000","99.0000"
"FBSA70-128","BMC SINGLE AIR POD","51.0300","99.0000","99.0000"
"FBSA70-140","BMC SINGLE AIR POD","51.0300","99.0000","99.0000"
"FBSA70-150","BMC SINGLE AIR POD","51.0300","99.0000","99.0000"
"FBSA76-140","BMC SINGLE AIR POD","51.0300","99.0000","99.0000"
"FBSA80-110","BMC SINGLE AIR POD","51.0300","99.0000","99.0000"
"FBSA80-140","BMC SINGLE AIR POD","51.0300","99.0000","99.0000"
"FBSA85-140","BMC SINGLE AIR POD","51.0300","99.0000","99.0000"
"FBSP001","BMC AIR FILTER RENAULT MEGANE SPORT 2.0 TURBO","90.0000","179.0000","179.0000"
"FBSP002","BMC AIR FILTER RENAULT CLIO RS","84.0000","179.0000","179.0000"
"FBSS50-100","BMC SINGLE AIR POD","50.5600","99.0000","99.0000"
"FBSS50-150","BMC SINGLE AIR POD","50.5600","99.0000","99.0000"
"FBSS60-128","BMC SINGLE AIR POD","50.5600","99.0000","99.0000"
"FBSS60-150","BMC SINGLE AIR POD","50.5600","99.0000","99.0000"
"FBSS60-85","BMC SINGLE AIR POD","50.5600","99.0000","99.0000"
"FBSS70-128","BMC SIMPLE POD (SS70-128)","50.5600","99.0000","99.0000"
"FBSS70-150","BMC SINGLE AIR POD","50.5600","99.0000","99.0000"
"FBTS50-150","BMC TWIN AIR POD METAL TOP","58.5900","119.0000","119.0000"
"FBTS50-150P","BMC TWIN AIR POD PLASTIC TOP","51.0300","99.0000","99.0000"
"FBTS60-150","BMC TWIN AIR POD METAL TOP","58.5900","119.0000","119.0000"
"FBTS60-150P","BMC TWIN AIR POD PLASTIC TOP","51.0300","99.0000","99.0000"
"FBTS70-150","BMC TWIN AIR POD METAL TOP","58.5900","119.0000","119.0000"
"FBTS70-150P","BMC TWIN AIR POD PLASTIC TOP","51.0300","99.0000","99.0000"
"FBTW100-140","BMC TWIN AIR POD METAL TOP","72.4800","149.0000","149.0000"
"FBTW100-140P","BMC TWIN AIR POD PLASTIC TOP","61.8000","129.0000","129.0000"
"FBTW100-200P","BMC TWIN AIR POD PLASTIC TOP","67.1900","149.0000","149.0000"
"FBTW110-140","BMC TWIN AIR POD METAL TOP","72.4800","149.0000","149.0000"
"FBTW110-140P","BMC TWIN AIR POD PLASTIC TOP","61.8000","129.0000","129.0000"
"FBTW130-140","BMC TWIN AIR POD METAL TOP","72.4800","149.0000","149.0000"
"FBTW130-140P","BMC TWIN AIR POD PLASTIC TOP","61.8000","129.0000","129.0000"
"FBTW141-206-KPM","SPECIAL TWIN AIR CONICAL FOR KPM MOTORSPORT","200.0000","200.0000","200.0000"
"FBTW141-206P","BMC CONICAL AIR FILTER TWIN AIR PLASTIC TOP","68.0000","129.0000","129.0000"
"FBTW141-230P","BMC TWIN AIR POD PLASTIC TOP","99.0000","179.0000","179.0000"
"FBTW150-140","BMC TWIN AIR POD METAL TOP","72.4800","149.0000","149.0000"
"FBTW150-140P","BMC TWIN AIR POD PLASTIC TOP","61.8000","129.0000","129.0000"
"FBTW60-140","BMC TWIN AIR POD METAL TOP","72.4800","149.0000","149.0000"
"FBTW60-140P","BMC TWIN AIR POD PLASTIC TOP","61.8000","129.0000","129.0000"
"FBTW60-150","BMC TWIN AIR POD METAL TOP","58.5900","129.0000","129.0000"
"FBTW60-150P","BMC TWIN AIR POD PLASTIC TOP","55.8500","109.0000","109.0000"
"FBTW65-150P","BMC TWIN AIR POD PLASTIC TOP","55.8500","109.0000","109.0000"
"FBTW70-140M","BMC TWIN AIR POD METAL TOP","72.4800","149.0000","149.0000"
"FBTW70-140P","BMC TWIN AIR POD PLASTIC TOP","61.8000","129.0000","129.0000"
"FBTW70-150","BMC TWIN AIR POD METAL TOP","58.5900","119.0000","119.0000"
"FBTW70-150P","BMC TWIN AIR POD PLASTIC TOP","51.0300","99.0000","99.0000"
"FBTW76-140","BMC TWIN AIR POD METAL TOP","67.1900","129.0000","129.0000"
"FBTW76-140P","BMC TWIN AIR POD PLASTIC TOP","58.5900","109.0000","109.0000"
"FBTW80-140","BMC TWIN AIR POD METAL TOP","72.4800","149.0000","149.0000"
"FBTW80-140P","BMC TWIN AIR POD PLASTIC TOP","61.8000","129.0000","129.0000"
"FBTW85-140","BMC TWIN AIR POD METAL TOP","72.4800","149.0000","149.0000"
"FBTW85-140P","BMC TWIN AIR POD PLASTIC TOP","61.8000","129.0000","129.0000"
"FBTW90-130","BMC TWIN AIR POD METAL TOP","72.4800","149.0000","149.0000"
"FBTW90-130P","BMC TWIN AIR POD PLASTIC TOP","61.8000","129.0000","129.0000"
"FBTW90-140","BMC TWIN AIR POD METAL TOP","72.4800","149.0000","149.0000"
"FBTW90-140P","BMC TWIN AIR POD PLASTIC TOP","61.8000","129.0000","129.0000"
"FPTW65-150","BMC TWIN POD ANG METAL (TW65-150)","58.5900","128.8200","128.8200"
"MER-546","BMC CATALOG","0.0000","0.0000","0.0000"
"MER-547","BMC SHOP DISPLAY TOTEM 1700MM X 600MM","0.0000","0.0000","0.0000"
"MER-548","BMC LANYARD RED BMC LOGO","0.0000","0.0000","0.0000"
"MER-549","BMC STICKER \"OFFICIAL DEALER\" 340MM X 220MM","0.0000","0.0000","0.0000"
"MER-550","BMC BLACK CAP","0.0000","0.0000","0.0000"
"MER-551","BMC MOUSE PAD \"ITALIAN STYLE''","0.0000","0.0000","0.0000"
"MER-552","BMC MOUSE PAD \"BMC WORLD''","0.0000","0.0000","0.0000"
"SAC09070K","BMC EPDM ELBOW CONN (SAC09070K)","22.0100","44.0200","44.0200"
"SAF01220K","BMC INOX CLAMP 12/20 (SAF01220K)","1.8900","3.7800","3.7800"
"SAF05070K","BMC INOX CLAMP 50/70 (SAF05070K)","3.5000","7.0000","7.0000"
"SAF06080K","BMC INOX CLAMP 60/80 (SAF06080K)","3.5000","7.0000","7.0000"
"SAF07090K","BMC INOX CLAMP 70/90 (SAF07090K)","3.5000","7.0000","7.0000"
"SAF080100K","BMC INOX CLAMP 80/100 (SAF080100K)","3.5000","7.0000","7.0000"
"SARI001K","BMC NYLON REDUCT TUBE 70/65 (SARI001K)","5.3900","10.7800","10.7800"
"SARI002K","BMC NYLON REDUCT TUBE 70/60 (SARI002K)","5.3900","10.7800","10.7800"
"SARI003K","BMC NYLON REDUCT TUBE 85/70 (SARI003K)","5.3900","10.7800","10.7800"
"SARI008","BMC REPLACEMENT COLLAR TO SUIT DIA 70MM (SARI008)","5.3900","10.7800","10.7800"
"SASE13560","BMC 135 DEG ELBOW 60/70 (SASE13560)","36.5700","73.1400","73.1400"
"SASE13565","BMC 135 DEG ELBOW 65/70 (SASE13565)","38.1800","76.3600","76.3600"
"SASE13570","BMC 135 DEG ELBOW 70/70 (SASE13570)","42.4300","84.8600","84.8600"
"SASE13580","BMC 135 DEG ELBOW 80/70 (SASE13580)","46.7800","93.5600","93.5600"
"SASE13585","BMC 135 DEG ELBOW 85/70 (SASE13585)","51.0300","102.0600","102.0600"
"SASE9060","BMC 90 DEG ELBOW 60/150 (SASE9060)","32.2200","64.4400","64.4400"
"SASE9060175","BMC 90 DEG ELB 60/175/100 (SASE9060175)","48.3800","96.7600","96.7600"
"SASE9065","BMC 90 DEG ELBOW 65/150 (SASE9065)","36.5700","73.1400","73.1400"
"SASE9070","BMC 90 DEG ELBOW 70/150 (SASE9070)","40.3500","80.7000","80.7000"
"SASE9080","BMC 90 DEG ELBOW 80/150 (SASE9080)","44.6000","89.2000","89.2000"
"SASE9085","BMC 90 DEG ELBOW 85/150 (SASE9085)","48.3800","96.7600","96.7600"
"SASR5070","BMC REDUCER 50/70 (SASR5070)","24.1900","48.3800","48.3800"
"SASR6070","BMC REDUCER 60/70 (SASR6070)","24.7600","49.5200","49.5200"
"SASR6570","BMC REDUCER 65/70 (SASR6570)","25.8000","51.6000","51.6000"
"SASR7080","BMC REDUCER 70/80 (SASR7080)","27.9700","55.9400","55.9400"
"SASR7085","BMC REDUCER 70/85 (SASR7085)","30.1500","60.3000","60.3000"
"SASR7685","BMC REDUCER 76/85 (SASR7685)","22.5900","45.1800","45.1800"
"SASR85100","BMC REDUCER 85/100 (SASR85100)","34.4000","68.8000","68.8000"
"SASSH6080","BMC STR HOSE 60/80 (SASSH6080)","20.4100","40.8200","40.8200"
"SASSH6580","BMC STR HOSE 65/80 (SASSH6580)","21.5500","43.1000","43.1000"
"SASSH701000","BMC STRAIGHT SILICON HOSE 70MM X 1MTR (SASSH701000)","131.0700","262.1400","262.1400"
"SASSH7080","BMC STR HOSE 70/80 (SASSH7080)","22.5900","45.1800","45.1800"
"SASSH801000","BMC STRAIGHT SILICON HOSE 80MM X 1MTR (SASSH801000)","117.6500","235.3000","235.3000"
"SASSH8080","BMC STR HOSE 80/80 (SASSH8080)","27.9700","55.9400","55.9400"
"SASSH851000","BMC STRAIGHT SILICON HOSE 85MM X 1MTR (SASSH851000)","121.9100","243.8200","243.8200"
"SASSH8580","BMC STR HOSE 85/80 (SASSH8580)","32.2200","64.4400","64.4400"
"SAT50060K","BMC FLEX TUBE 500/60 (SAT50060K)","12.9500","25.9000","25.9000"
"SAT50070K","BMC FLEX TUBE 500/70 (SAT50070K)","15.5900","31.1800","31.1800"
"SAT50080K","BMC FLEX TUBE 500/80 (SAT50080K)","17.7700","35.5400","35.5400"
"SATR60060K","BMC FLEX TUBE 600/60 (SATR60060K)","18.8100","37.6200","37.6200"
"SATR60070K","BMC FLEX TUBE 600/70 (SATR60070K)","20.4100","40.8200","40.8200"
"SATR60082K","BMC FLEX TUBE 600/82 (SATR60082K)","24.1900","48.3800","48.3800"
"SLRP05K","BMC DRAIN PIPE - ALUMINIUM 5MM (SLRP05K)","18.3300","36.6600","36.6600"
"SLRP12K","BMC DRAIN PIPE 12 (SLRP12K)","20.4100","40.8200","40.8200"
"SLRP16K","BMC DRAIN PIPE 16 (SLRP16K)","20.4100","40.8200","40.8200"
"SLRP20K","BMC DRAIN PIPE 20 (SLRP20K)","20.4100","40.8200","40.8200"
"SPF200K","BMC BRACKET - SUPPORT HANGER 200MM (L)","6.7100","13.4200","13.4200"
"SPV10060K","BMC CONNECTOR - ALUMINIUM 60MM (WITH PIN SUPP) (SPV10060K)","22.5500","45.1000","45.1000"
"SPV10070K","BMC CONNECTOR - ALUMINIUM 70MM (WITH PIN SUPP)(SPV10070K)","22.5500","45.1000","45.1000"
"SPV10080K","BMC CONNECTOR - ALUMINIUM 80MM (WITH PIN SUPP)(SPV10080K)","22.5500","45.1000","45.1000"
"WA200-500","BMC AM200-500 SERVICE KIT SPRAY ON OIL & DET(WA 200-500)","11.9000","19.9900","19.9900"
"WA250-500","BMC CLEANING KIT - LARGE (WA250-500)","10.9000","19.9900","19.9900"
"WADET500","BMC AIR FILTER CLEANER (WDET500)","5.4500","9.9900","9.9900"
"WAFLU200","BMC AMOIL : OIL 200ML SPRAY ON (WA OIL 200)","8.7000","14.9900","14.9900"
"WAFLU250","BMC AIR FILTER OIL 250ML (WAOIL250)","5.4500","9.9900","9.9900"
