"8731","1",\N,\N,\N,\N,\N
"8732","5","194","2",\N,\N,\N
"8733","6","194",\N,\N,\N,\N
"8734","7","194","2",\N,\N,\N
"8735","8","194","2",\N,\N,\N
"8736","9","185","4",\N,\N,\N
"8737","12","89",\N,\N,\N,\N
"8738","13","89",\N,\N,\N,\N
"8739","14","89",\N,\N,\N,\N
"8740","15","90",\N,\N,\N,\N
"8741","16","90",\N,\N,\N,\N
"8742","17","89",\N,\N,\N,\N
"8743","18","119","4",\N,\N,\N
"8744","19","119","4",\N,\N,\N
"8745","20","119","4",\N,\N,\N
"8746","21","119","4",\N,\N,\N
"8747","22","119","4",\N,\N,\N
"8748","23","119","4",\N,\N,\N
"8749","24","119","4",\N,\N,\N
"8750","25","119",\N,\N,\N,\N
"8751","26","119","4",\N,\N,\N
"8752","27","119","4",\N,\N,\N
"8753","28","271",\N,\N,\N,\N
"8754","29","271",\N,\N,\N,\N
"8755","30","271",\N,\N,\N,\N
"8756","36","90",\N,\N,\N,\N
"8757","37","90",\N,\N,\N,\N
"8758","38","90",\N,\N,\N,\N
"8759","39","81",\N,\N,\N,\N
"8760","40","81",\N,\N,\N,\N
"8761","41","81",\N,\N,\N,\N
"8762","42","271",\N,\N,\N,\N
"8763","43","194",\N,\N,\N,\N
"8764","44","194",\N,\N,\N,\N
"8765","45","119","16",\N,\N,\N
"8766","46","119",\N,\N,\N,\N
"8767","50","99",\N,\N,\N,\N
"8768","51","91",\N,\N,\N,\N
"8769","53","335",\N,\N,\N,\N
"8770","54","335",\N,\N,"55",\N
"8771","55","335",\N,\N,"55",\N
"8772","56","357",\N,\N,\N,\N
"8773","57","179",\N,\N,\N,\N
"8774","58","179",\N,\N,\N,\N
"8775","59","179",\N,\N,\N,\N
"8776","60","179",\N,\N,\N,\N
"8777","61","124","4",\N,\N,\N
"8778","62","124","13",\N,\N,\N
"8779","63","124","13",\N,\N,\N
"8780","64","124","13",\N,\N,\N
"8781","65","124","13",\N,\N,\N
"8782","66","124","17",\N,\N,\N
"8783","67","124",\N,\N,\N,\N
"8784","68","267","21",\N,\N,\N
"8785","69","267","17",\N,\N,\N
"8786","70","247","21",\N,\N,\N
"8787","71","242",\N,\N,\N,\N
"8788","72","240",\N,\N,\N,\N
"8789","73","247","21",\N,\N,\N
"8790","74","267","21",\N,\N,\N
"8791","75","267","17",\N,\N,\N
"8792","76","251","22",\N,\N,\N
"8793","77","267","17",\N,\N,\N
"8794","78","247",\N,\N,\N,\N
"8795","79","267","17",\N,\N,\N
"8796","80","267","17",\N,\N,\N
"8797","81","267","17",\N,\N,\N
"8798","82","267",\N,\N,\N,\N
"8799","83","267","21",\N,\N,\N
"8800","84","247","21",\N,\N,\N
"8801","85","267","17",\N,\N,\N
"8802","86","267","17",\N,\N,\N
"8803","87","83","13",\N,\N,\N
"8804","88","83","13",\N,\N,\N
"8805","89","83","10",\N,\N,\N
"8806","90","83",\N,\N,\N,\N
"8807","91","83","10",\N,\N,\N
"8808","92","83",\N,\N,\N,\N
"8809","93","83","10",\N,\N,\N
"8810","94","83","13",\N,\N,\N
"8811","97",\N,"4",\N,\N,\N
"8812","98",\N,"4",\N,\N,\N
"8813","104",\N,"4",\N,\N,\N
"8814","105",\N,"4",\N,\N,\N
"8815","107",\N,"4",\N,\N,\N
"8816","109",\N,"4",\N,\N,\N
"8817","117",\N,"4",\N,\N,\N
"8818","123","606",\N,\N,\N,\N
"8819","124","606",\N,\N,\N,\N
"8820","125","321",\N,\N,\N,\N
"8821","126","606",\N,\N,\N,\N
"8822","127","321",\N,\N,\N,\N
"8823","128","321",\N,\N,\N,\N
"8824","129","321",\N,\N,\N,\N
"8825","130","321",\N,\N,\N,\N
"8826","131","321",\N,\N,\N,\N
"8827","132","321",\N,\N,\N,\N
"8828","133","321",\N,\N,\N,\N
"8829","134","321",\N,\N,\N,\N
"8830","135","321",\N,\N,\N,\N
"8831","136","606",\N,\N,\N,\N
"8832","137","606",\N,\N,\N,\N
"8833","138","321",\N,\N,\N,\N
"8834","139","321",\N,\N,\N,\N
"8835","140","606",\N,\N,\N,\N
"8836","141","606",\N,\N,\N,\N
"8837","142","606",\N,\N,\N,\N
"8838","143","606",\N,\N,\N,\N
"8839","144","606","607",\N,\N,\N
"8840","145","321",\N,\N,\N,\N
"8841","146","321",\N,\N,\N,\N
"8842","147","321",\N,\N,\N,\N
"8843","148","321",\N,\N,\N,\N
"8844","149","321",\N,\N,\N,\N
"8845","150","321",\N,\N,\N,\N
"8846","151","321",\N,\N,\N,\N
"8847","152","606","607",\N,\N,\N
"8848","153","321",\N,\N,\N,\N
"8849","154","321",\N,\N,\N,\N
"8850","155","606",\N,\N,\N,\N
"8851","156","321",\N,\N,\N,\N
"8852","157","606",\N,\N,\N,\N
"8853","158","606","607",\N,\N,\N
"8854","159","91",\N,\N,\N,\N
"8855","160","91",\N,\N,\N,\N
"8856","161","91",\N,\N,\N,\N
"8857","162","91",\N,\N,\N,\N
"8858","163","83",\N,\N,\N,\N
"8859","164","83",\N,\N,\N,\N
"8860","165","83","10",\N,\N,\N
"8861","166","83","13",\N,\N,\N
"8862","167","83",\N,\N,\N,\N
"8863","168","83",\N,\N,\N,\N
"8864","169","83","10",\N,\N,\N
"8865","170","83",\N,\N,\N,\N
"8866","171","83",\N,\N,\N,\N
"8867","172","83",\N,\N,\N,\N
"8868","173","83","10",\N,\N,\N
"8869","174","83",\N,\N,\N,\N
"8870","175","83","10",\N,\N,\N
"8871","176","83",\N,\N,\N,\N
"8872","177","83",\N,\N,\N,\N
"8873","178","83","10",\N,\N,\N
"8874","179","83",\N,\N,\N,\N
"8875","180","297",\N,\N,\N,\N
"8876","181","332",\N,\N,\N,\N
"8877","182","332",\N,\N,\N,\N
"8878","183","332",\N,\N,\N,\N
"8879","184","332",\N,\N,\N,\N
"8880","185","332",\N,\N,\N,\N
"8881","186","332",\N,\N,\N,\N
"8882","187","297",\N,\N,\N,\N
"8883","188","332",\N,\N,\N,\N
"8884","189","297",\N,\N,\N,\N
"8885","190","297",\N,\N,\N,\N
"8886","191","297",\N,\N,\N,\N
"8887","192","332",\N,\N,\N,\N
"8888","193","332",\N,\N,\N,\N
"8889","194","408",\N,\N,\N,\N
"8890","195","381",\N,\N,\N,\N
"8891","196","381",\N,\N,\N,\N
"8892","197","381",\N,\N,\N,\N
"8893","198","381",\N,\N,\N,\N
"8894","199","381",\N,\N,\N,\N
"8895","200","381",\N,\N,\N,\N
"8896","201","176",\N,\N,\N,\N
"8897","202","176",\N,\N,\N,\N
"8898","203","176",\N,\N,\N,\N
"8899","205","176",\N,\N,\N,\N
"8900","207","176",\N,\N,\N,\N
"8901","208","233",\N,\N,\N,\N
"8902","209","233",\N,\N,\N,\N
"8903","210","233",\N,\N,\N,\N
"8904","211","233",\N,\N,\N,\N
"8905","212","233",\N,\N,\N,\N
"8906","213","233",\N,\N,\N,\N
"8907","214","233",\N,\N,\N,\N
"8908","215","233",\N,\N,\N,\N
"8909","216","233",\N,\N,\N,\N
"8910","217","397",\N,\N,\N,\N
"8911","218","267",\N,\N,\N,\N
"8912","219","267",\N,\N,\N,\N
"8913","220","321",\N,\N,\N,\N
"8914","221","321",\N,\N,\N,\N
"8915","222","606","607",\N,\N,\N
"8916","223","321",\N,\N,\N,\N
"8917","224","321",\N,\N,\N,\N
"8918","225","321",\N,\N,\N,\N
"8919","226","321",\N,\N,\N,\N
"8920","227","321",\N,\N,\N,\N
"8921","228","321",\N,\N,\N,\N
"8922","229","225",\N,\N,\N,\N
"8923","230","225",\N,\N,\N,\N
"8924","231","225",\N,\N,\N,\N
"8925","232","225",\N,\N,\N,\N
"8926","233","225",\N,\N,\N,\N
"8927","234","225",\N,\N,\N,\N
"8928","235","225",\N,\N,\N,\N
"8929","236","225",\N,\N,\N,\N
"8930","237","225",\N,\N,\N,\N
"8931","238",\N,\N,"67",\N,\N
"8932","239",\N,\N,"66",\N,\N
"8933","244","387",\N,\N,\N,\N
"8934","245","387",\N,\N,\N,\N
"8935","246","83",\N,\N,\N,\N
"8936","247","389",\N,\N,\N,\N
"8937","248","91","10",\N,\N,\N
"8938","251","251",\N,\N,\N,\N
"8939","256","606",\N,\N,\N,\N
"8940","258","83",\N,\N,\N,\N
"8941","259","328",\N,\N,\N,\N
"8942","260","320",\N,\N,\N,\N
"8943","261","251","22","72",\N,\N
"8944","262","240",\N,\N,\N,\N
"8945","263","267",\N,\N,\N,\N
"8946","264","267",\N,\N,\N,\N
"8947","265","267",\N,\N,\N,\N
"8948","266","240",\N,\N,\N,\N
"8949","267","267","22","72",\N,\N
"8950","268","267",\N,\N,\N,\N
"8951","269","267",\N,\N,\N,\N
"8952","270","124","13",\N,\N,\N
"8953","271","124","20",\N,\N,\N
"8954","272","124","13",\N,\N,\N
"8955","273","124","24",\N,\N,\N
"8956","274","124","13",\N,\N,\N
"8957","275","124","24",\N,\N,\N
"8958","276","280",\N,\N,\N,\N
"8959","281","164",\N,\N,\N,\N
"8960","282","164",\N,\N,\N,\N
"8961","283","164",\N,\N,\N,\N
"8962","285","164",\N,\N,\N,\N
"8963","286","286",\N,\N,\N,\N
"8964","288","286",\N,\N,\N,\N
"8965","289","286",\N,\N,\N,\N
"8966","291","164",\N,\N,\N,\N
"8967","293","286",\N,\N,\N,\N
"8968","294","286",\N,\N,\N,\N
"8969","295","286",\N,\N,\N,\N
"8970","298","395",\N,\N,\N,\N
"8971","299","94",\N,\N,\N,\N
"8972","300","94",\N,\N,\N,\N
"8973","301","94",\N,\N,\N,\N
"8974","302","94",\N,\N,\N,\N
"8975","303","94",\N,\N,\N,\N
"8976","305","98",\N,\N,\N,\N
"8977","306","104","4",\N,\N,\N
"8978","307","104","4",\N,\N,\N
"8979","308","94",\N,\N,\N,\N
"8980","309","116",\N,\N,\N,\N
"8981","310","116","4",\N,\N,\N
"8982","311","94","4",\N,\N,\N
"8983","313","104","12",\N,\N,\N
"8984","314","104","4",\N,\N,\N
"8985","315","104",\N,\N,\N,\N
"8986","316","104","12",\N,\N,\N
"8987","317","98","4",\N,\N,\N
"8988","318","104","13",\N,\N,\N
"8989","319","104","608",\N,\N,\N
"8990","320","104","4",\N,\N,\N
"8991","321","104","13",\N,\N,\N
"8992","322","164",\N,\N,\N,\N
"8993","323","180",\N,\N,\N,\N
"8994","324","104","608",\N,\N,\N
"8995","325","104","608",\N,\N,\N
"8996","326","104","608",\N,\N,\N
"8997","327","104","4",\N,\N,\N
"8998","328","164",\N,\N,\N,\N
"8999","329","164",\N,\N,\N,\N
"9000","330","104","14",\N,\N,\N
"9001","331","164","13",\N,\N,\N
"9002","332","180","608",\N,\N,\N
"9003","334","164",\N,\N,\N,\N
"9004","335","164",\N,\N,\N,\N
"9005","336","164",\N,\N,\N,\N
"9006","337","164",\N,\N,\N,\N
"9007","338","164",\N,\N,\N,\N
"9008","339","373",\N,\N,\N,\N
"9009","340","373",\N,\N,\N,\N
"9010","343","286",\N,\N,\N,\N
"9011","344","373",\N,\N,\N,\N
"9012","347","286",\N,\N,\N,\N
"9013","348","296",\N,\N,\N,\N
"9014","349","317",\N,\N,\N,\N
"9015","351","286",\N,\N,\N,\N
"9016","352","286",\N,\N,\N,\N
"9017","356","286",\N,\N,\N,\N
"9018","357","352",\N,\N,\N,\N
"9019","358","286",\N,\N,\N,\N
"9020","359","286",\N,\N,\N,\N
"9021","360","395",\N,\N,\N,\N
"9022","362","94",\N,\N,\N,\N
"9023","363","95",\N,\N,\N,\N
"9024","364","95",\N,\N,\N,\N
"9025","365","95",\N,\N,\N,\N
"9026","366","83",\N,\N,\N,\N
"9027","367","95",\N,\N,\N,\N
"9028","368","95",\N,\N,\N,\N
"9029","369","116",\N,\N,\N,\N
"9030","370","116",\N,\N,\N,\N
"9031","371","83",\N,\N,\N,\N
"9032","372","83",\N,\N,\N,\N
"9033","373","104",\N,\N,\N,\N
"9034","374","104",\N,\N,\N,\N
"9035","375","116",\N,\N,\N,\N
"9036","376","104","4",\N,\N,\N
"9037","377","83",\N,\N,\N,\N
"9038","378","83",\N,\N,\N,\N
"9039","379","180",\N,\N,\N,\N
"9040","380","83",\N,\N,\N,\N
"9041","381","104",\N,\N,\N,\N
"9042","382","180",\N,\N,\N,\N
"9043","383","104","4",\N,\N,\N
"9044","384","180","4",\N,\N,\N
"9045","385","104",\N,\N,\N,\N
"9046","386","83",\N,\N,\N,\N
"9047","387","231",\N,\N,\N,\N
"9048","388","231",\N,\N,\N,\N
"9049","389","231",\N,\N,\N,\N
"9050","390","231",\N,\N,\N,\N
"9051","391","231",\N,\N,\N,\N
"9052","392","257",\N,\N,\N,\N
"9053","393","231",\N,\N,\N,\N
"9054","394","281",\N,\N,\N,\N
"9055","395","270",\N,\N,\N,\N
"9056","396","164",\N,\N,\N,\N
"9057","397","231",\N,\N,\N,\N
"9058","398","231",\N,\N,\N,\N
"9059","399","257",\N,\N,\N,\N
"9060","400","257",\N,\N,\N,\N
"9061","401","231",\N,\N,\N,\N
"9062","402","281",\N,\N,\N,\N
"9063","403","296",\N,\N,\N,\N
"9064","404","231",\N,\N,\N,\N
"9065","405","281",\N,\N,\N,\N
"9066","406","281",\N,\N,\N,\N
"9067","407","361",\N,\N,\N,\N
"9068","408","361",\N,\N,\N,\N
"9069","409","390",\N,\N,\N,\N
"9070","410","231",\N,\N,\N,\N
"9071","411","257",\N,\N,\N,\N
"9072","412","257",\N,\N,\N,\N
"9073","413","270",\N,\N,\N,\N
"9074","414","281",\N,\N,\N,\N
"9075","415","231",\N,\N,\N,\N
"9076","416","361",\N,\N,\N,\N
"9077","417","361",\N,\N,\N,\N
"9078","419","83",\N,\N,\N,\N
"9079","420","94",\N,\N,\N,\N
"9080","421","83",\N,\N,\N,\N
"9081","422","83",\N,\N,\N,\N
"9082","423","83",\N,\N,\N,\N
"9083","424","83",\N,\N,\N,\N
"9084","425","104",\N,\N,\N,\N
"9085","426","83",\N,\N,\N,\N
"9086","427","83",\N,\N,\N,\N
"9087","428","83",\N,\N,\N,\N
"9088","429","180",\N,\N,\N,\N
"9089","430","205",\N,\N,\N,\N
"9090","431","205",\N,\N,\N,\N
"9091","432","180",\N,\N,\N,\N
"9092","433","205",\N,\N,\N,\N
"9093","434","205",\N,\N,\N,\N
"9094","435","180",\N,\N,\N,\N
"9095","436","205",\N,\N,\N,\N
"9096","437","205",\N,\N,\N,\N
"9097","438","205",\N,\N,\N,\N
"9098","440","361",\N,\N,\N,\N
"9099","442","361",\N,\N,\N,\N
"9100","443","94",\N,\N,\N,\N
"9101","444","83",\N,\N,\N,\N
"9102","445","94",\N,\N,\N,\N
"9103","446","83",\N,\N,\N,\N
"9104","456","286",\N,\N,\N,\N
"9105","457","286",\N,\N,\N,\N
"9106","458","286",\N,\N,\N,\N
"9107","459","180",\N,\N,\N,\N
"9108","460","104",\N,\N,\N,\N
"9109","461","377",\N,\N,\N,\N
"9110","462","377",\N,\N,\N,\N
"9111","463","164",\N,\N,\N,\N
"9112","464","377",\N,\N,\N,\N
"9113","465","377",\N,\N,\N,\N
"9114","466","377",\N,\N,\N,\N
"9115","467","377",\N,\N,\N,\N
"9116","468","377",\N,\N,\N,\N
"9117","470","83",\N,\N,\N,\N
"9118","471","180",\N,\N,\N,\N
"9119","472","83",\N,\N,\N,\N
"9120","473","183","10",\N,\N,\N
"9121","474","83",\N,\N,\N,\N
"9122","475","83",\N,\N,\N,\N
"9123","476","180",\N,\N,\N,\N
"9124","477","180",\N,\N,\N,\N
"9125","478","339",\N,\N,\N,\N
"9126","480","361",\N,\N,\N,\N
"9127","481","361",\N,\N,\N,\N
"9128","482","339",\N,\N,\N,\N
"9129","483","361",\N,\N,\N,\N
"9130","484","180",\N,\N,\N,\N
"9131","485","361",\N,\N,\N,\N
"9132","486","361",\N,\N,\N,\N
"9133","488","94",\N,\N,\N,\N
"9134","489","104","15",\N,\N,\N
"9135","490","98",\N,\N,\N,\N
"9136","491","104",\N,\N,\N,\N
"9137","492","104",\N,\N,\N,\N
"9138","494","104",\N,\N,\N,\N
"9139","495","104","15",\N,\N,\N
"9140","496","104",\N,\N,\N,\N
"9141","497","346",\N,\N,\N,\N
"9142","498","346",\N,\N,\N,\N
"9143","501","346",\N,\N,\N,\N
"9144","502","346",\N,\N,\N,\N
"9145","508","342",\N,\N,\N,\N
"9146","509","152",\N,\N,\N,\N
"9147","511",\N,\N,\N,\N,\N
"9148","512","302",\N,\N,\N,\N
"9149","513","302",\N,\N,\N,\N
"9150","514","302",\N,\N,\N,\N
"9151","515","343",\N,\N,\N,\N
"9152","516","343",\N,\N,\N,\N
"9153","518","312",\N,\N,\N,\N
"9154","519","191",\N,\N,\N,\N
"9155","520","102",\N,\N,\N,\N
"9156","525","217",\N,\N,\N,\N
"9157","526","218","13",\N,\N,\N
"9158","528","129",\N,\N,\N,\N
"9159","529","129",\N,\N,\N,\N
"9160","532","113",\N,\N,\N,\N
"9161","534","212",\N,\N,\N,\N
"9162","535","212",\N,\N,\N,\N
"9163","536","287",\N,\N,\N,\N
"9164","537","212",\N,\N,\N,\N
"9165","538","287",\N,\N,\N,\N
"9166","539","212",\N,\N,\N,\N
"9167","540","130",\N,\N,\N,\N
"9168","541","319",\N,\N,\N,\N
"9169","542","213","23",\N,\N,\N
"9170","543","209",\N,\N,\N,\N
"9171","544","213","23",\N,\N,\N
"9172","545","213","23",\N,\N,\N
"9173","546","213","23",\N,\N,\N
"9174","547","391",\N,\N,\N,\N
"9175","548","213","2",\N,\N,\N
"9176","549","212",\N,\N,\N,\N
"9177","550","212",\N,\N,\N,\N
"9178","551","212",\N,\N,\N,\N
"9179","552","391",\N,\N,\N,\N
"9180","553","391",\N,\N,\N,\N
"9181","554","212",\N,\N,\N,\N
"9182","555","134",\N,\N,\N,\N
"9183","556","291",\N,\N,\N,\N
"9184","557","291",\N,\N,\N,\N
"9185","558","212",\N,\N,\N,\N
"9186","559","391",\N,\N,\N,\N
"9187","560","130",\N,\N,\N,\N
"9188","561","130",\N,\N,\N,\N
"9189","562","130",\N,\N,\N,\N
"9190","563","130",\N,\N,\N,\N
"9191","564","130",\N,\N,\N,\N
"9192","565","130",\N,\N,\N,\N
"9193","566","314",\N,\N,\N,\N
"9194","567","201",\N,\N,\N,\N
"9195","569","291",\N,\N,\N,\N
"9196","570","290",\N,\N,\N,\N
"9197","571","391",\N,\N,\N,\N
"9198","574",\N,\N,\N,\N,\N
"9199","576","649",\N,\N,\N,\N
"9200","577","649",\N,\N,\N,\N
"9201","578","649",\N,\N,\N,\N
"9202","579","649",\N,\N,\N,\N
"9203","580","391",\N,\N,\N,\N
"9204","581","391",\N,\N,\N,\N
"9205","582","290",\N,\N,\N,\N
"9206","583",\N,\N,\N,\N,\N
"9207","584","391",\N,\N,\N,\N
"9208","585","650",\N,\N,\N,\N
"9209","586","391",\N,\N,\N,\N
"9210","587","130",\N,\N,\N,\N
"9211","588","649",\N,\N,\N,\N
"9212","589","105",\N,\N,\N,\N
"9213","591","105","2",\N,\N,\N
"9214","592","105",\N,\N,\N,\N
"9215","593","105","2",\N,\N,\N
"9216","594","105","2",\N,\N,\N
"9217","595","148",\N,\N,\N,\N
"9218","597","130",\N,\N,\N,\N
"9219","598","130",\N,\N,\N,\N
"9220","599","173",\N,\N,\N,\N
"9221","600","130",\N,\N,\N,\N
"9222","601","130",\N,\N,\N,\N
"9223","602","130",\N,\N,\N,\N
"9224","603","173",\N,\N,\N,\N
"9225","604","173",\N,\N,\N,\N
"9226","609","113",\N,\N,\N,\N
"9227","611","136",\N,\N,\N,\N
"9228","612","136",\N,\N,\N,\N
"9229","613","136",\N,\N,\N,\N
"9230","614","136",\N,\N,\N,\N
"9231","615","136",\N,\N,\N,\N
"9232","616","136",\N,\N,\N,\N
"9233","617","136",\N,\N,\N,\N
"9234","618","212",\N,\N,\N,\N
"9235","624","153",\N,\N,\N,\N
"9236","625","612",\N,\N,\N,\N
"9237","627","161",\N,\N,\N,\N
"9238","628","161",\N,\N,\N,\N
"9239","629","161",\N,\N,\N,\N
"9240","637",\N,"4",\N,\N,\N
"9241","638","144",\N,\N,\N,\N
"9242","639","103",\N,\N,\N,\N
"9243","641","236",\N,\N,\N,\N
"9244","643","119",\N,\N,\N,\N
"9245","644","119",\N,\N,\N,\N
"9246","645","81",\N,\N,\N,\N
"9247","646","81",\N,\N,\N,\N
"9248","647","81",\N,\N,\N,\N
"9249","648","81","2",\N,\N,\N
"9250","649","81","2",\N,\N,\N
"9251","650","81","2",\N,\N,\N
"9252","651","81","2",\N,\N,\N
"9253","652",\N,\N,\N,\N,\N
"9254","653","92",\N,\N,\N,\N
"9255","654","125",\N,\N,\N,\N
"9256","655",\N,"4",\N,\N,\N
"9257","656","652","4",\N,\N,\N
"9258","657","652","4",\N,\N,\N
"9259","659","325",\N,\N,\N,\N
"9260","660",\N,\N,\N,\N,\N
"9261","667","236",\N,\N,\N,\N
"9262","668","236",\N,\N,\N,\N
"9263","669","81",\N,\N,\N,\N
"9264","670","81",\N,\N,\N,\N
"9265","671","81",\N,\N,\N,\N
"9266","672","81",\N,\N,\N,\N
"9267","673","168",\N,\N,\N,\N
"9268","674","168",\N,\N,\N,\N
"9269","675","168",\N,\N,\N,\N
"9270","676","236",\N,\N,\N,\N
"9271","677","236",\N,\N,\N,\N
"9272","678","108","4",\N,\N,\N
"9273","679","108",\N,\N,\N,\N
"9274","680","92",\N,\N,\N,\N
"9275","681","108","26",\N,\N,\N
"9276","682","158","26",\N,\N,\N
"9277","683",\N,"26",\N,\N,\N
"9278","684","654","4",\N,\N,\N
"9279","685",\N,"26",\N,\N,\N
"9280","686","654","4",\N,\N,\N
"9281","687","236","2",\N,\N,\N
"9282","688","325",\N,\N,\N,\N
"9283","689","325","4",\N,\N,\N
"9284","690","276",\N,\N,\N,\N
"9285","691","198",\N,\N,\N,\N
"9286","692","125",\N,\N,\N,\N
"9287","693","200",\N,\N,\N,\N
"9288","694","100",\N,\N,\N,\N
"9289","695","100",\N,\N,\N,\N
"9290","696","100",\N,\N,\N,\N
"9291","697","100",\N,\N,\N,\N
"9292","698","100",\N,\N,\N,\N
"9293","700","130",\N,\N,\N,\N
"9294","701","130",\N,\N,\N,\N
"9295","702","327",\N,\N,\N,\N
"9296","703","327",\N,\N,\N,\N
"9297","704","327",\N,\N,\N,\N
"9298","705","327",\N,\N,\N,\N
"9299","706","327",\N,\N,\N,\N
"9300","707","327",\N,\N,\N,\N
"9301","708","327",\N,\N,\N,\N
"9302","709","327",\N,\N,\N,\N
"9303","710","95",\N,\N,\N,\N
"9304","711","118",\N,\N,\N,\N
"9305","712","99","4",\N,\N,\N
"9306","713",\N,"4",\N,\N,\N
"9307","714",\N,"4",\N,\N,\N
"9308","715",\N,"4",\N,\N,\N
"9309","716","82",\N,\N,\N,\N
"9310","717","82","2",\N,\N,\N
"9311","718","82",\N,\N,\N,\N
"9312","719","82",\N,\N,\N,\N
"9313","720","209",\N,\N,\N,\N
"9314","724","209",\N,\N,\N,\N
"9315","726","333",\N,\N,\N,\N
"9316","744","327",\N,\N,\N,\N
"9317","746","327",\N,\N,\N,\N
"9318","749","327",\N,\N,\N,\N
"9319","750","327",\N,\N,\N,\N
"9320","753","327",\N,\N,\N,\N
"9321","763","203",\N,\N,\N,\N
"9322","764",\N,\N,\N,\N,\N
"9323","765","203",\N,\N,\N,\N
"9324","766","209",\N,\N,\N,\N
"9325","788","327",\N,\N,\N,\N
"9326","789","327",\N,\N,\N,\N
"9327","790","327",\N,\N,\N,\N
"9328","791","134",\N,\N,\N,\N
"9329","792","118",\N,\N,\N,\N
"9330","793","118",\N,\N,\N,\N
"9331","794","95",\N,\N,\N,\N
"9332","795","118",\N,\N,\N,\N
"9333","822","82",\N,\N,\N,\N
"9334","823","82","2",\N,\N,\N
"9335","825","82",\N,\N,\N,\N
"9336","826","326",\N,\N,\N,\N
"9337","827","326",\N,\N,\N,\N
"9338","829","112",\N,\N,\N,\N
"9339","830","283",\N,\N,\N,\N
"9340","831","283",\N,\N,\N,\N
"9341","832","283",\N,\N,\N,\N
"9342","833","283",\N,\N,\N,\N
"9343","834","283",\N,\N,\N,\N
"9344","835","283",\N,\N,\N,\N
"9345","836","283",\N,\N,\N,\N
"9346","837","283",\N,\N,\N,\N
"9347","838","283",\N,\N,\N,\N
"9348","839","283",\N,\N,\N,\N
"9349","840","283",\N,\N,\N,\N
"9350","841","283",\N,\N,\N,\N
"9351","856","82",\N,\N,\N,\N
"9352","859","82",\N,\N,\N,\N
"9353","860","82","2",\N,\N,\N
"9354","893","143",\N,\N,\N,\N
"9355","897","143",\N,\N,\N,\N
"9356","900","143",\N,\N,\N,\N
"9357","901","143",\N,\N,\N,\N
"9358","903","301",\N,\N,\N,\N
"9359","904","149",\N,\N,\N,\N
"9360","905","87",\N,\N,\N,\N
"9361","906","301",\N,\N,\N,\N
"9362","908","87",\N,\N,\N,\N
"9363","909","87",\N,\N,\N,\N
"9364","910","87",\N,\N,\N,\N
"9365","916","142",\N,\N,\N,\N
"9366","917","142",\N,\N,\N,\N
"9367","918","142",\N,\N,\N,\N
"9368","925",\N,\N,\N,\N,\N
"9369","926","303",\N,\N,\N,\N
"9370","927","303",\N,\N,\N,\N
"9371","928",\N,\N,\N,\N,\N
"9372","931","392",\N,\N,\N,\N
"9373","932","392",\N,\N,\N,\N
"9374","944","337",\N,\N,\N,\N
"9375","945","337",\N,\N,\N,\N
"9376","953","401",\N,\N,\N,\N
"9377","956","401",\N,\N,\N,\N
"9378","957","401",\N,\N,\N,\N
"9379","958","401",\N,\N,\N,\N
"9380","959","401",\N,\N,\N,\N
"9381","960","401",\N,\N,\N,\N
"9382","961","401",\N,\N,\N,\N
"9383","962","401",\N,\N,\N,\N
"9384","964","96",\N,\N,\N,\N
"9385","976","303",\N,\N,\N,\N
"9386","977","252",\N,\N,\N,\N
"9387","991","155",\N,\N,"50",\N
"9388","992","155",\N,\N,"50",\N
"9389","993",\N,\N,\N,"54",\N
"9390","994",\N,\N,\N,"54",\N
"9391","995","155",\N,\N,\N,\N
"9392","996","155",\N,\N,\N,\N
"9393","997","155",\N,\N,\N,\N
"9394","998","109",\N,\N,\N,\N
"9395","1001","109",\N,\N,\N,\N
"9396","1002","109",\N,\N,\N,\N
"9397","1003","109",\N,\N,\N,\N
"9398","1004","164",\N,\N,\N,\N
"9399","1006","164",\N,\N,\N,\N
"9400","1011","398",\N,\N,\N,\N
"9401","1012","398",\N,\N,\N,\N
"9402","1013","398",\N,\N,\N,\N
"9403","1014","398",\N,\N,\N,\N
"9404","1015","225",\N,\N,\N,\N
"9405","1016","180",\N,\N,\N,\N
"9406","1017","109",\N,\N,\N,\N
"9407","1018","225",\N,\N,\N,\N
"9408","1019","155",\N,\N,\N,\N
"9409","1020","155",\N,\N,\N,\N
"9410","1021","155",\N,\N,\N,\N
"9411","1022","155",\N,\N,\N,\N
"9412","1023","225",\N,\N,\N,\N
"9413","1024","109",\N,\N,\N,\N
"9414","1025","109",\N,\N,\N,\N
"9415","1026","109",\N,\N,\N,\N
"9416","1027","109",\N,\N,\N,\N
"9417","1028","109",\N,\N,\N,\N
"9418","1029","399",\N,\N,\N,\N
"9419","1030","101",\N,\N,\N,\N
"9420","1031","101",\N,\N,\N,\N
"9421","1037","220",\N,\N,\N,\N
"9422","1038","220",\N,\N,\N,\N
"9423","1040","220",\N,\N,\N,\N
"9424","1044","151",\N,\N,\N,\N
"9425","1045","295",\N,\N,\N,\N
"9426","1046","295",\N,\N,\N,\N
"9427","1047","295",\N,\N,\N,\N
"9428","1048","295",\N,\N,\N,\N
"9429","1049","406",\N,\N,\N,\N
"9430","1050",\N,\N,\N,\N,\N
"9431","1051","295",\N,\N,\N,\N
"9432","1052","660",\N,\N,\N,\N
"9433","1053","109",\N,\N,\N,\N
"9434","1054","109",\N,\N,\N,\N
"9435","1055","109",\N,\N,\N,\N
"9436","1056","109",\N,\N,\N,\N
"9437","1057","84",\N,\N,\N,\N
"9438","1058","109",\N,\N,\N,\N
"9439","1059","221",\N,\N,\N,\N
"9440","1061","178",\N,\N,\N,\N
"9441","1062","178",\N,\N,\N,\N
"9442","1063","175",\N,\N,\N,\N
"9443","1064","177",\N,\N,\N,\N
"9444","1065","175",\N,\N,\N,\N
"9445","1066","191",\N,\N,\N,\N
"9446","1068","175",\N,\N,\N,\N
"9447","1069","178",\N,\N,\N,\N
"9448","1070","249",\N,\N,\N,\N
"9449","1071","249",\N,\N,\N,\N
"9450","1072","298",\N,\N,\N,\N
"9451","1073","178",\N,\N,\N,\N
"9452","1074","178",\N,\N,\N,\N
"9453","1075","178",\N,\N,\N,\N
"9454","1076","178",\N,\N,\N,\N
"9455","1077","249",\N,\N,\N,\N
"9456","1078","311",\N,\N,\N,\N
"9457","1079","249",\N,\N,\N,\N
"9458","1080","344",\N,\N,\N,\N
"9459","1081","249",\N,\N,\N,\N
"9460","1086","249",\N,\N,\N,\N
"9461","1087","249",\N,\N,\N,\N
"9462","1088","249",\N,\N,\N,\N
"9463","1089","178",\N,\N,\N,\N
"9464","1090","298",\N,\N,\N,\N
"9465","1091","178",\N,\N,\N,\N
"9466","1092","109",\N,\N,\N,\N
"9467","1093","84",\N,\N,\N,\N
"9468","1094","84",\N,\N,\N,\N
"9469","1095","109",\N,\N,\N,\N
"9470","1096","109",\N,\N,\N,\N
"9471","1097","109",\N,\N,\N,\N
"9472","1098","109",\N,\N,\N,\N
"9473","1099","109",\N,\N,\N,\N
"9474","1102","311",\N,\N,\N,\N
"9475","1103","178",\N,\N,\N,\N
"9476","1104","178",\N,\N,\N,\N
"9477","1105","178",\N,\N,\N,\N
"9478","1106","298",\N,\N,\N,\N
"9479","1107","311",\N,\N,\N,\N
"9480","1108","298",\N,\N,\N,\N
"9481","1109","298",\N,\N,\N,\N
"9482","1110","84",\N,\N,\N,\N
"9483","1111","84",\N,\N,\N,\N
"9484","1112","84",\N,\N,\N,\N
"9485","1113","84",\N,\N,\N,\N
"9486","1114","184",\N,\N,\N,\N
"9487","1115","184",\N,\N,\N,\N
"9488","1116","184",\N,\N,\N,\N
"9489","1117","84",\N,\N,\N,\N
"9490","1118","84",\N,\N,\N,\N
"9491","1119","84",\N,\N,\N,\N
"9492","1120","175",\N,\N,\N,\N
"9493","1121","175",\N,\N,\N,\N
"9494","1122","175",\N,\N,\N,\N
"9495","1123","84",\N,\N,\N,\N
"9496","1124","184",\N,\N,\N,\N
"9497","1140","178",\N,\N,\N,\N
"9498","1141","298",\N,\N,\N,\N
"9499","1142","298",\N,\N,\N,\N
"9500","1143","298",\N,\N,\N,\N
"9501","1144","109",\N,\N,\N,\N
"9502","1145","175",\N,\N,\N,\N
"9503","1146","109",\N,\N,\N,\N
"9504","1147","109",\N,\N,\N,\N
"9505","1148","109",\N,\N,\N,\N
"9506","1149","109",\N,\N,\N,\N
"9507","1150","175",\N,\N,\N,\N
"9508","1151","298",\N,\N,\N,\N
"9509","1152","178",\N,\N,\N,\N
"9510","1153","178",\N,\N,\N,\N
"9511","1154","298",\N,\N,\N,\N
"9512","1155","311",\N,\N,\N,\N
"9513","1156","298",\N,\N,\N,\N
"9514","1157","298",\N,\N,\N,\N
"9515","1158","298",\N,\N,\N,\N
"9516","1159","311",\N,\N,\N,\N
"9517","1160","298",\N,\N,\N,\N
"9518","1161","298",\N,\N,\N,\N
"9519","1165","178",\N,\N,\N,\N
"9520","1166","178",\N,\N,\N,\N
"9521","1167","178",\N,\N,\N,\N
"9522","1168","178",\N,\N,\N,\N
"9523","1169","175",\N,\N,\N,\N
"9524","1170","178",\N,\N,\N,\N
"9525","1171","175",\N,\N,\N,\N
"9526","1172","178",\N,\N,\N,\N
"9527","1173","178",\N,\N,\N,\N
"9528","1174","178",\N,\N,\N,\N
"9529","1175","178",\N,\N,\N,\N
"9530","1176","178",\N,\N,\N,\N
"9531","1177","178",\N,\N,\N,\N
"9532","1178","298",\N,\N,\N,\N
"9533","1181","178",\N,\N,\N,\N
"9534","1182","178",\N,\N,\N,\N
"9535","1184","178",\N,\N,\N,\N
"9536","1185","178",\N,\N,\N,\N
"9537","1186","292",\N,\N,\N,\N
"9538","1187","292",\N,\N,\N,\N
"9539","1189","191",\N,\N,\N,\N
"9540","1190","178",\N,\N,\N,\N
"9541","1191","221",\N,\N,\N,\N
"9542","1192","178",\N,\N,\N,\N
"9543","1193","178",\N,\N,\N,\N
"9544","1194","344",\N,\N,\N,\N
"9545","1195","188",\N,\N,\N,\N
"9546","1197","188",\N,\N,\N,\N
"9547","1203","188",\N,\N,\N,\N
"9548","1206","188",\N,\N,\N,\N
"9549","1209","188","4",\N,\N,\N
"9550","1210","151",\N,\N,\N,\N
"9551","1215","188",\N,\N,\N,\N
"9552","1216","188",\N,\N,\N,\N
"9553","1224","101",\N,\N,\N,\N
"9554","1225","101",\N,\N,\N,\N
"9555","1226","101",\N,\N,\N,\N
"9556","1228","101",\N,\N,\N,\N
"9557","1231","101",\N,\N,\N,\N
"9558","1232","101",\N,\N,\N,\N
"9559","1233","101",\N,\N,\N,\N
"9560","1234","101",\N,\N,\N,\N
"9561","1235","101",\N,\N,\N,\N
"9562","1236","101","4",\N,\N,\N
"9563","1239","101","4",\N,\N,\N
"9564","1261","145",\N,\N,\N,\N
"9565","1266","319",\N,\N,\N,\N
"9566","1271","134",\N,\N,\N,\N
"9567","1272","149",\N,\N,\N,\N
"9568","1273","149",\N,\N,\N,\N
"9569","1274","134",\N,\N,\N,\N
"9570","1275","355",\N,\N,\N,\N
"9571","1279","261",\N,\N,\N,\N
"9572","1280","134",\N,\N,\N,\N
"9573","1284","167",\N,\N,\N,\N
"9574","1285","167",\N,\N,\N,\N
"9575","1287","355",\N,\N,\N,\N
"9576","1291","153",\N,\N,\N,\N
"9577","1292","186",\N,\N,\N,\N
"9578","1293","153",\N,\N,\N,\N
"9579","1294","134",\N,\N,\N,\N
"9580","1295","134",\N,\N,\N,\N
"9581","1297","149",\N,\N,\N,\N
"9582","1298","355",\N,\N,\N,\N
"9583","1299","355",\N,\N,\N,\N
"9584","1300","149",\N,\N,\N,\N
"9585","1302","134",\N,\N,\N,\N
"9586","1304","134",\N,\N,\N,\N
"9587","1305",\N,"2",\N,\N,\N
"9588","1306","105",\N,\N,\N,\N
"9589","1307","105",\N,\N,\N,\N
"9590","1308","105",\N,\N,\N,\N
"9591","1309","148","2",\N,\N,\N
"9592","1310","105",\N,\N,\N,\N
"9593","1311","136","4",\N,\N,\N
"9594","1312","136",\N,\N,\N,\N
"9595","1313","136",\N,\N,\N,\N
"9596","1314","136","4",\N,\N,\N
"9597","1315","136","4",\N,\N,\N
"9598","1316","136","4",\N,\N,\N
"9599","1317","136",\N,\N,\N,\N
"9600","1318","136","4",\N,\N,\N
"9601","1319","212","23",\N,\N,\N
"9602","1320","136","4",\N,\N,\N
"9603","1321","136",\N,\N,\N,\N
"9604","1322","212",\N,\N,\N,\N
"9605","1323","136",\N,\N,\N,\N
"9606","1324","212","23",\N,\N,\N
"9607","1325","290",\N,\N,\N,\N
"9608","1326","290",\N,\N,\N,\N
"9609","1327","212",\N,\N,\N,\N
"9610","1328","212",\N,\N,\N,\N
"9611","1329","113",\N,\N,\N,\N
"9612","1330","187","13",\N,\N,\N
"9613","1331","173",\N,\N,\N,\N
"9614","1332","105",\N,\N,\N,\N
"9615","1333","113",\N,\N,\N,\N
"9616","1334","113",\N,\N,\N,\N
"9617","1335","187","13",\N,\N,\N
"9618","1336","111","13",\N,\N,\N
"9619","1337","81","4",\N,\N,\N
"9620","1338","209",\N,\N,\N,\N
"9621","1339","81","4",\N,\N,\N
"9622","1340","81",\N,\N,\N,\N
"9623","1341","81","2",\N,\N,\N
"9624","1342","81","2",\N,\N,\N
"9625","1343","209",\N,\N,\N,\N
"9626","1344","81",\N,\N,\N,\N
"9627","1345","212","4",\N,\N,\N
"9628","1346","212","4",\N,\N,\N
"9629","1347","650","4",\N,\N,\N
"9630","1348","212","2",\N,\N,\N
"9631","1349","650",\N,\N,\N,\N
"9632","1350","290",\N,\N,\N,\N
"9633","1351","650",\N,\N,\N,\N
"9634","1352","291",\N,\N,\N,\N
"9635","1353","391",\N,\N,\N,\N
"9636","1354","113","4",\N,\N,\N
"9637","1355","111",\N,\N,\N,\N
"9638","1356","130","4",\N,\N,\N
"9639","1357","130","4",\N,\N,\N
"9640","1359","130",\N,\N,\N,\N
"9641","1360","130",\N,\N,\N,\N
"9642","1361","130","4",\N,\N,\N
"9643","1362","130","4",\N,\N,\N
"9644","1363","130","4",\N,\N,\N
"9645","1365","130",\N,\N,\N,\N
"9646","1367","201",\N,\N,\N,\N
"9647","1368","314",\N,\N,\N,\N
"9648","1369","201",\N,\N,\N,\N
"9649","1370","391",\N,\N,\N,\N
"9650","1371","201",\N,\N,\N,\N
"9651","1375","130",\N,\N,\N,\N
"9652","1376","130",\N,\N,\N,\N
"9653","1377","130",\N,\N,\N,\N
"9654","1378","130",\N,\N,\N,\N
"9655","1379","130",\N,\N,\N,\N
"9656","1380","130",\N,\N,\N,\N
"9657","1381","130",\N,\N,\N,\N
"9658","1383","130",\N,\N,\N,\N
"9659","1385","130",\N,\N,\N,\N
"9660","1386","130",\N,\N,\N,\N
"9661","1387","130",\N,\N,\N,\N
"9662","1388","649",\N,\N,\N,\N
"9663","1389","130",\N,\N,\N,\N
"9664","1390","649",\N,\N,\N,\N
"9665","1391","649",\N,\N,\N,\N
"9666","1392","650",\N,\N,\N,\N
"9667","1393","319",\N,\N,\N,\N
"9668","1394","650",\N,\N,\N,\N
"9669","1398","130",\N,\N,\N,\N
"9670","1399","649",\N,\N,\N,\N
"9671","1400","649",\N,\N,\N,\N
"9672","1401","287",\N,\N,\N,\N
"9673","1402","287",\N,\N,\N,\N
"9674","1403","290",\N,\N,\N,\N
"9675","1404","290",\N,\N,\N,\N
"9676","1405","650",\N,\N,\N,\N
"9677","1406","140",\N,\N,\N,\N
"9678","1407","140",\N,\N,\N,\N
"9679","1408","107",\N,\N,\N,\N
"9680","1409","121",\N,\N,\N,\N
"9681","1410","121",\N,\N,\N,\N
"9682","1411","139",\N,\N,\N,\N
"9683","1412","139",\N,\N,\N,\N
"9684","1413","139",\N,\N,\N,\N
"9685","1414","139",\N,\N,\N,\N
"9686","1415","139",\N,\N,\N,\N
"9687","1416","121",\N,\N,\N,\N
"9688","1417","139",\N,\N,\N,\N
"9689","1418","121",\N,\N,\N,\N
"9690","1419","121",\N,\N,\N,\N
"9691","1420","121",\N,\N,\N,\N
"9692","1421","282",\N,\N,\N,\N
"9693","1422","196",\N,\N,\N,\N
"9694","1424","265",\N,\N,\N,\N
"9695","1425","265",\N,\N,\N,\N
"9696","1426",\N,\N,\N,\N,\N
"9697","1427","663",\N,\N,\N,\N
"9698","1428","91",\N,\N,\N,\N
"9699","1431","110",\N,\N,\N,\N
"9700","1432","110",\N,\N,\N,\N
"9701","1433","110",\N,\N,\N,\N
"9702","1434","110",\N,\N,\N,\N
"9703","1435","110",\N,\N,\N,\N
"9704","1436","110",\N,\N,\N,\N
"9705","1437","254",\N,\N,\N,\N
"9706","1439","254",\N,\N,\N,\N
"9707","1440","254",\N,\N,\N,\N
"9708","1441","254",\N,\N,\N,\N
"9709","1442","254",\N,\N,\N,\N
"9710","1443","225",\N,\N,\N,\N
"9711","1444","225",\N,\N,\N,\N
"9712","1445","225",\N,\N,\N,\N
"9713","1446","225",\N,\N,\N,\N
"9714","1447","225",\N,\N,\N,\N
"9715","1448","254",\N,\N,\N,\N
"9716","1449","254",\N,\N,\N,\N
"9717","1450","400",\N,\N,\N,\N
"9718","1451","338",\N,\N,\N,\N
"9719","1453","132",\N,\N,\N,\N
"9720","1454","141","2",\N,\N,\N
"9721","1455","132",\N,\N,\N,\N
"9722","1457","612",\N,\N,\N,\N
"9723","1458","610",\N,\N,\N,\N
"9724","1459","106","27",\N,\N,\N
"9725","1460","132",\N,\N,\N,\N
"9726","1461","132","2",\N,\N,\N
"9727","1462","106","27",\N,\N,\N
"9728","1463","610",\N,\N,\N,\N
"9729","1464","132","2",\N,\N,\N
"9730","1465","132",\N,\N,\N,\N
"9731","1466","111",\N,\N,\N,\N
"9732","1467","111",\N,\N,\N,\N
"9733","1468","111",\N,\N,\N,\N
"9734","1469","186",\N,\N,\N,\N
"9735","1470","133",\N,\N,\N,\N
"9736","1471","170","16",\N,\N,\N
"9737","1472","168","4",\N,\N,\N
"9738","1473","111",\N,\N,\N,\N
"9739","1474","153",\N,\N,\N,\N
"9740","1475","153",\N,\N,\N,\N
"9741","1476","202","16",\N,\N,\N
"9742","1477","211",\N,\N,\N,\N
"9743","1478","211",\N,\N,\N,\N
"9744","1479","133",\N,\N,\N,\N
"9745","1480","611",\N,\N,\N,\N
"9746","1481","153",\N,\N,\N,\N
"9747","1482","153",\N,\N,\N,\N
"9748","1483","202",\N,\N,\N,\N
"9749","1484","211",\N,\N,\N,\N
"9750","1486","261","25",\N,\N,\N
"9751","1487","261",\N,\N,\N,"443"
"9752","1488","261","25",\N,\N,\N
"9753","1489","261",\N,\N,\N,\N
"9754","1490","612",\N,\N,\N,\N
"9755","1491","615",\N,\N,\N,\N
"9756","1492","141",\N,\N,\N,\N
"9757","1493","615",\N,\N,\N,\N
"9758","1495","153",\N,\N,\N,\N
"9759","1496","168",\N,\N,\N,\N
"9760","1497","168",\N,\N,\N,\N
"9761","1498","168",\N,\N,\N,\N
"9762","1499","168",\N,\N,\N,\N
"9763","1500","168",\N,\N,\N,\N
"9764","1501","168",\N,\N,\N,\N
"9765","1504","334",\N,\N,\N,\N
"9766","1505","334",\N,\N,\N,\N
"9767","1506","334",\N,\N,\N,\N
"9768","1507","334",\N,\N,\N,\N
"9769","1508","334",\N,\N,\N,\N
"9770","1509","611",\N,\N,\N,\N
"9771","1510","153",\N,\N,\N,\N
"9772","1511","334",\N,\N,\N,\N
"9773","1512","211",\N,\N,\N,\N
"9774","1513","186",\N,\N,\N,\N
"9775","1514","334",\N,\N,\N,\N
"9776","1515","371",\N,\N,\N,\N
"9777","1516","371",\N,\N,\N,\N
"9778","1518","613",\N,\N,\N,\N
"9779","1519","153",\N,\N,\N,\N
"9780","1521","186","2",\N,\N,\N
"9781","1522","186","2",\N,\N,\N
"9782","1523","153",\N,\N,\N,\N
"9783","1524","153",\N,\N,\N,\N
"9784","1525","153",\N,\N,\N,\N
"9785","1526","168",\N,\N,\N,\N
"9786","1527","153",\N,\N,\N,\N
"9787","1528","168",\N,\N,\N,\N
"9788","1529","168",\N,\N,\N,\N
"9789","1530","168",\N,\N,\N,\N
"9790","1531","168",\N,\N,\N,\N
"9791","1532","168",\N,\N,\N,\N
"9792","1533","369",\N,\N,\N,\N
"9793","1534","369",\N,\N,\N,\N
"9794","1535","369",\N,\N,\N,\N
"9795","1542","131",\N,\N,\N,\N
"9796","1543","132",\N,\N,\N,\N
"9797","1544","614","4",\N,\N,\N
"9798","1545","131",\N,\N,\N,\N
"9799","1546","615","4",\N,\N,\N
"9800","1547","614","4",\N,\N,\N
"9801","1548","131","2",\N,\N,\N
"9802","1549","614","4",\N,\N,\N
"9803","1550","132",\N,\N,\N,\N
"9804","1551","153","2",\N,\N,\N
"9805","1552","153",\N,\N,\N,\N
"9806","1553","153","4",\N,\N,\N
"9807","1554","153","2",\N,\N,\N
"9808","1555","223","2",\N,\N,\N
"9809","1556","223",\N,\N,\N,\N
"9810","1557","223",\N,\N,\N,\N
"9811","1558","223",\N,\N,\N,\N
"9812","1559","223","2",\N,\N,\N
"9813","1560","223",\N,\N,\N,\N
"9814","1561","223",\N,\N,\N,\N
"9815","1562","223",\N,\N,\N,"442"
"9816","1563","223",\N,\N,\N,\N
"9817","1564","223",\N,\N,\N,\N
"9818","1565","223",\N,\N,\N,\N
"9819","1566","223","2",\N,\N,\N
"9820","1567","223",\N,\N,\N,"442"
"9821","1568","334",\N,\N,\N,\N
"9822","1569","334",\N,\N,\N,\N
"9823","1570","334",\N,\N,\N,\N
"9824","1571","334",\N,\N,\N,\N
"9825","1572","334",\N,\N,\N,\N
"9826","1574","261",\N,\N,\N,\N
"9827","1575",\N,\N,\N,\N,\N
"9828","1581","186",\N,\N,\N,\N
"9829","1582","186","4",\N,\N,\N
"9830","1583","153",\N,\N,\N,\N
"9831","1584","153","4",\N,\N,\N
"9832","1585","153","4",\N,\N,\N
"9833","1586","153","4",\N,\N,\N
"9834","1587","153",\N,\N,\N,\N
"9835","1588","334",\N,\N,\N,\N
"9836","1589","334",\N,\N,\N,\N
"9837","1590","224",\N,\N,\N,\N
"9838","1591","334",\N,\N,\N,\N
"9839","1592","334",\N,\N,\N,\N
"9840","1593","334",\N,\N,\N,\N
"9841","1594","334",\N,\N,\N,\N
"9842","1595","223",\N,\N,\N,\N
"9843","1596","334",\N,\N,\N,\N
"9844","1597","334",\N,\N,\N,\N
"9845","1598","334",\N,\N,\N,\N
"9846","1599","334",\N,\N,\N,\N
"9847","1600","334",\N,\N,\N,\N
"9848","1601","186",\N,\N,\N,\N
"9849","1607",\N,\N,\N,\N,\N
"9850","1608","665",\N,\N,\N,\N
"9851","1609","101",\N,\N,\N,\N
"9852","1610","101",\N,\N,\N,\N
"9853","1611","101",\N,\N,\N,\N
"9854","1612","101",\N,\N,\N,\N
"9855","1613","101",\N,\N,\N,\N
"9856","1614","101",\N,\N,\N,\N
"9857","1618","102",\N,\N,\N,\N
"9858","1619","102",\N,\N,\N,\N
"9859","1623","164",\N,\N,\N,\N
"9860","1624","164",\N,\N,\N,\N
"9861","1625","164",\N,\N,\N,\N
"9862","1627","101",\N,\N,\N,\N
"9863","1628","101",\N,\N,\N,\N
"9864","1629","101",\N,\N,\N,\N
"9865","1630","101",\N,\N,\N,\N
"9866","1631","101",\N,\N,\N,\N
"9867","1632","101",\N,\N,\N,\N
"9868","1633","101",\N,\N,\N,\N
"9869","1636","101",\N,\N,\N,\N
"9870","1637","101",\N,\N,\N,\N
"9871","1639","101",\N,\N,\N,\N
"9872","1640","101",\N,\N,\N,\N
"9873","1646","101",\N,\N,\N,\N
"9874","1654","127",\N,\N,\N,\N
"9875","1655","117",\N,\N,\N,\N
"9876","1656","117",\N,\N,\N,\N
"9877","1657","117",\N,\N,\N,\N
"9878","1658","117",\N,\N,\N,\N
"9879","1659","117",\N,\N,\N,\N
"9880","1663","117",\N,\N,\N,\N
"9881","1664","117",\N,\N,\N,\N
"9882","1665","117",\N,\N,\N,\N
"9883","1666","117",\N,\N,\N,\N
"9884","1667","117",\N,\N,\N,\N
"9885","1676","150",\N,\N,\N,\N
"9886","1677","150",\N,\N,\N,\N
"9887","1678","150",\N,\N,\N,\N
"9888","1679","150",\N,\N,\N,\N
"9889","1680","150",\N,\N,\N,\N
"9890","1681","150",\N,\N,\N,\N
"9891","1682","189",\N,\N,\N,\N
"9892","1683","169",\N,\N,\N,\N
"9893","1684","169",\N,\N,\N,\N
"9894","1685","169",\N,\N,\N,\N
"9895","1686","189",\N,\N,\N,\N
"9896","1687","189",\N,\N,\N,\N
"9897","1688","267",\N,\N,\N,\N
"9898","1689","267",\N,\N,\N,\N
"9899","1690","189",\N,\N,\N,\N
"9900","1691","267",\N,\N,\N,\N
"9901","1692","267",\N,\N,\N,\N
"9902","1693","267","16",\N,\N,\N
"9903","1694","267",\N,\N,\N,\N
"9904","1695","267","21",\N,\N,\N
"9905","1696","247","21",\N,\N,\N
"9906","1697","267",\N,\N,\N,\N
"9907","1698","251",\N,\N,\N,\N
"9908","1699","247",\N,\N,\N,\N
"9909","1700","247","21",\N,\N,\N
"9910","1701","267",\N,\N,\N,\N
"9911","1702","247","21",\N,\N,\N
"9912","1703","267",\N,\N,\N,\N
"9913","1704","172",\N,\N,\N,\N
"9914","1705","179",\N,\N,\N,\N
"9915","1706","179","2",\N,\N,\N
"9916","1707","123",\N,\N,\N,\N
"9917","1708","123",\N,\N,\N,\N
"9918","1709","123",\N,\N,\N,\N
"9919","1710","123",\N,\N,\N,\N
"9920","1711","123",\N,\N,\N,\N
"9921","1712","123",\N,\N,\N,\N
"9922","1713","210",\N,\N,\N,\N
"9923","1714","190",\N,\N,\N,\N
"9924","1715","190",\N,\N,\N,\N
"9925","1716","190",\N,\N,\N,\N
"9926","1717","190",\N,\N,\N,\N
"9927","1718","123",\N,\N,\N,\N
"9928","1719","120",\N,\N,\N,\N
"9929","1720","120",\N,\N,\N,\N
"9930","1721","123",\N,\N,\N,\N
"9931","1722","123",\N,\N,\N,\N
"9932","1723","123","13",\N,\N,\N
"9933","1724","123",\N,\N,\N,\N
"9934","1725","123",\N,\N,\N,\N
"9935","1726",\N,"13",\N,\N,\N
"9936","1727","666","13",\N,\N,\N
"9937","1728","172",\N,\N,\N,\N
"9938","1729","666","4",\N,\N,\N
"9939","1731","616","2",\N,\N,\N
"9940","1732","210","17",\N,\N,\N
"9941","1733","210","17",\N,\N,\N
"9942","1734","210","17",\N,\N,\N
"9943","1735","210","17",\N,\N,\N
"9944","1736","210","2",\N,\N,\N
"9945","1744","267",\N,\N,\N,\N
"9946","1745","124","13",\N,\N,\N
"9947","1746","124","13",\N,\N,\N
"9948","1747","124","13",\N,\N,\N
"9949","1748","124",\N,\N,\N,\N
"9950","1749","124",\N,\N,\N,\N
"9951","1750","124","17",\N,\N,\N
"9952","1751","124","17",\N,\N,\N
"9953","1752","124","17",\N,\N,\N
"9954","1753","251","22",\N,\N,\N
"9955","1754","267","17",\N,\N,\N
"9956","1755","267","17",\N,\N,\N
"9957","1756","251",\N,"77",\N,\N
"9958","1757","247","21",\N,\N,\N
"9959","1758","124","13",\N,\N,\N
"9960","1759","267","667",\N,\N,\N
"9961","1760","251","22",\N,\N,\N
"9962","1761","267",\N,\N,\N,\N
"9963","1762","267",\N,\N,\N,\N
"9964","1763","404",\N,\N,\N,\N
"9965","1764","267","17",\N,\N,\N
"9966","1765","267","668","77",\N,\N
"9967","1766","247","21",\N,\N,\N
"9968","1767","247","21",\N,\N,\N
"9969","1768","267","667",\N,\N,\N
"9970","1769","403","22",\N,\N,\N
"9971","1770","267",\N,\N,\N,\N
"9972","1771","267",\N,\N,\N,\N
"9973","1772","404","21",\N,\N,\N
"9974","1773","123",\N,\N,\N,\N
"9975","1774","123",\N,\N,\N,\N
"9976","1775","123",\N,\N,\N,\N
"9977","1776","123",\N,\N,\N,\N
"9978","1778","123",\N,\N,\N,\N
"9979","1779","123",\N,\N,\N,\N
"9980","1780","124",\N,\N,\N,\N
"9981","1781","124",\N,\N,\N,\N
"9982","1782","124",\N,\N,\N,\N
"9983","1783","124",\N,\N,\N,\N
"9984","1784","124",\N,\N,\N,\N
"9985","1785","124","21",\N,\N,\N
"9986","1786","267",\N,\N,\N,\N
"9987","1787","267","21",\N,\N,\N
"9988","1788","247","21",\N,\N,\N
"9989","1789","267",\N,\N,\N,\N
"9990","1790","267",\N,\N,\N,\N
"9991","1792","335",\N,\N,"55",\N
"9992","1793","210",\N,\N,\N,\N
"9993","1794","210",\N,\N,\N,\N
"9994","1795","210",\N,\N,\N,\N
"9995","1796","210",\N,\N,\N,\N
"9996","1797","335",\N,\N,\N,\N
"9997","1798","335",\N,\N,\N,\N
"9998","1799","335",\N,\N,\N,\N
"9999","1800","335",\N,\N,"55",\N
"10000","1801","335",\N,\N,\N,\N
"10001","1802","123",\N,\N,\N,\N
"10002","1803","123",\N,\N,\N,\N
"10003","1804","404",\N,\N,\N,\N
"10004","1805","124",\N,\N,\N,\N
"10005","1806","124",\N,\N,\N,\N
"10006","1807","124","13",\N,\N,\N
"10007","1808","124",\N,\N,\N,\N
"10008","1809","124","13",\N,\N,\N
"10009","1810","124",\N,\N,\N,\N
"10010","1811","247","21",\N,\N,\N
"10011","1812","242",\N,\N,\N,\N
"10012","1813","616",\N,\N,\N,\N
"10013","1814","267","21",\N,\N,\N
"10014","1815","267","21",\N,\N,\N
"10015","1816","267",\N,\N,\N,\N
"10016","1817","251","22",\N,\N,\N
"10017","1818","267","21",\N,\N,\N
"10018","1819","247",\N,\N,\N,\N
"10019","1820","267",\N,\N,\N,\N
"10020","1821","267",\N,\N,\N,\N
"10021","1822","267","21",\N,\N,\N
"10022","1823","267",\N,\N,\N,\N
"10023","1824","267","21",\N,\N,\N
"10024","1827","335",\N,\N,\N,\N
"10025","1828","335",\N,\N,\N,\N
"10026","1829","210",\N,\N,\N,\N
"10027","1830","210",\N,\N,\N,\N
"10028","1831","335",\N,\N,\N,\N
"10029","1832","335",\N,\N,\N,\N
"10030","1833","335",\N,\N,\N,\N
"10031","1834","335",\N,\N,\N,\N
"10032","1835","267",\N,\N,\N,\N
"10033","1836","247",\N,\N,\N,\N
"10034","1837","267",\N,\N,\N,\N
"10035","1838","267",\N,\N,\N,\N
"10036","1839","240",\N,\N,\N,\N
"10037","1840","240",\N,\N,\N,\N
"10038","1841","267",\N,\N,\N,\N
"10039","1842","267",\N,\N,\N,\N
"10040","1843","267",\N,\N,\N,\N
"10041","1844","83",\N,\N,\N,\N
"10042","1845","83",\N,\N,\N,\N
"10043","1846","83",\N,\N,\N,\N
"10044","1847","83",\N,\N,\N,\N
"10045","1848","83",\N,\N,\N,\N
"10046","1849","83",\N,\N,\N,\N
"10047","1850","83",\N,\N,\N,\N
"10048","1851","83",\N,\N,\N,\N
"10049","1852","267",\N,\N,\N,\N
"10050","1853","267",\N,\N,\N,\N
"10051","1854","247",\N,\N,\N,\N
"10052","1855","267",\N,\N,\N,\N
"10053","1856","267",\N,\N,\N,\N
"10054","1857","300",\N,\N,\N,\N
"10055","1860","207",\N,\N,\N,\N
"10056","1861","330",\N,\N,\N,\N
"10057","1862","330",\N,\N,\N,\N
"10058","1864","330",\N,\N,\N,\N
"10059","1869","309",\N,\N,\N,\N
"10060","1871","309",\N,\N,\N,\N
"10061","1872","212",\N,\N,\N,\N
"10062","1878","135",\N,\N,\N,\N
"10063","1879","207",\N,\N,\N,\N
"10064","1881","206","2",\N,\N,\N
"10065","1882",\N,\N,\N,\N,\N
"10066","1883","309",\N,\N,\N,\N
"10067","1884","309",\N,\N,\N,\N
"10068","1885","302",\N,\N,\N,\N
"10069","1886","302",\N,\N,\N,\N
"10070","1887","302",\N,\N,\N,\N
"10071","1889","86",\N,\N,\N,\N
"10072","1890","86",\N,\N,\N,\N
"10073","1891","86",\N,\N,\N,\N
"10074","1892","86",\N,\N,\N,\N
"10075","1893","86",\N,\N,\N,\N
"10076","1894","152",\N,\N,\N,\N
"10077","1895","152",\N,\N,\N,\N
"10078","1896","152",\N,\N,\N,\N
"10079","1897","152",\N,\N,\N,\N
"10080","1898","152",\N,\N,\N,\N
"10081","1899","152","4",\N,\N,\N
"10082","1900","152",\N,\N,\N,\N
"10083","1901","152","4",\N,\N,\N
"10084","1902","152",\N,\N,\N,\N
"10085","1903","152",\N,\N,\N,\N
"10086","1904","152",\N,\N,\N,\N
"10087","1905","152","4",\N,\N,\N
"10088","1906","109",\N,\N,\N,\N
"10089","1907","152",\N,\N,\N,\N
"10090","1908","109",\N,\N,\N,\N
"10091","1909","152",\N,\N,\N,\N
"10092","1910","152",\N,\N,\N,\N
"10093","1911","152",\N,\N,\N,\N
"10094","1912","152",\N,\N,\N,\N
"10095","1913","152",\N,\N,\N,\N
"10096","1914","152",\N,\N,\N,\N
"10097","1915","152",\N,\N,\N,\N
"10098","1916","152",\N,\N,\N,\N
"10099","1917","152",\N,\N,\N,\N
"10100","1918","152",\N,\N,\N,\N
"10101","1919","109",\N,\N,\N,\N
"10102","1920","343",\N,\N,\N,\N
"10103","1921","345",\N,\N,\N,\N
"10104","1922","343",\N,\N,\N,\N
"10105","1923","345",\N,\N,\N,\N
"10106","1924","343",\N,\N,\N,\N
"10107","1925","343",\N,\N,\N,\N
"10108","1926","345",\N,\N,\N,\N
"10109","1927","343",\N,\N,\N,\N
"10110","1928","343",\N,\N,\N,\N
"10111","1929","343",\N,\N,\N,\N
"10112","1930","343",\N,\N,\N,\N
"10113","1931","343",\N,\N,\N,\N
"10114","1932","343",\N,\N,\N,\N
"10115","1933","345",\N,\N,\N,\N
"10116","1934","127",\N,\N,\N,\N
"10117","1935","127",\N,\N,\N,\N
"10118","1936","127",\N,\N,\N,\N
"10119","1937","127",\N,\N,\N,\N
"10120","1938","127",\N,\N,\N,\N
"10121","1940","127",\N,\N,\N,\N
"10122","1944","343",\N,\N,\N,\N
"10123","1950","199",\N,\N,\N,\N
"10124","1951","199",\N,\N,\N,\N
"10125","1953","88",\N,\N,\N,\N
"10126","1954","88",\N,\N,\N,\N
"10127","1955","88",\N,\N,\N,\N
"10128","1956","88",\N,\N,\N,\N
"10129","1957","88",\N,\N,\N,\N
"10130","1958","199",\N,\N,\N,\N
"10131","1959","199",\N,\N,\N,\N
"10132","1960","199",\N,\N,\N,\N
"10133","1961","199",\N,\N,\N,\N
"10134","1962","199",\N,\N,\N,\N
"10135","1963","199",\N,\N,\N,\N
"10136","1964","199",\N,\N,\N,\N
"10137","1965","199",\N,\N,\N,\N
"10138","1966","199",\N,\N,\N,\N
"10139","1967","199",\N,\N,\N,\N
"10140","1968","199",\N,\N,\N,\N
"10141","1969","199",\N,\N,\N,\N
"10142","1970","199",\N,\N,\N,\N
"10143","1971","325",\N,\N,\N,\N
"10144","1972","325",\N,\N,\N,\N
"10145","1973","325",\N,\N,\N,\N
"10146","1974","325","34",\N,\N,\N
"10147","1975","325",\N,\N,\N,\N
"10148","1976","325",\N,\N,\N,\N
"10149","1977","325",\N,\N,\N,\N
"10150","1978","325",\N,\N,\N,\N
"10151","1979","325",\N,\N,\N,\N
"10152","1980","325","34",\N,\N,\N
"10153","1981","325",\N,\N,\N,\N
"10154","1982","83",\N,\N,\N,\N
"10155","1983","83",\N,\N,\N,\N
"10156","1985","83",\N,\N,\N,\N
"10157","1987",\N,\N,\N,\N,\N
"10158","1988","342",\N,\N,\N,\N
"10159","1989","342",\N,\N,\N,\N
"10160","1990","342",\N,\N,\N,\N
"10161","1991","342",\N,\N,\N,\N
"10162","1992","342",\N,\N,\N,\N
"10163","1993","342",\N,\N,\N,\N
"10164","1994","342",\N,\N,\N,\N
"10165","1995","342",\N,\N,\N,\N
"10166","1996","342",\N,\N,\N,\N
"10167","1997","342",\N,\N,\N,\N
"10168","1999","342",\N,\N,\N,\N
"10169","2000",\N,\N,\N,\N,\N
"10170","2001","672",\N,\N,\N,\N
"10171","2002","672",\N,\N,\N,\N
"10172","2003","672",\N,\N,\N,\N
"10173","2004","672",\N,\N,\N,\N
"10174","2010","181",\N,\N,\N,\N
"10175","2011","181",\N,\N,\N,\N
"10176","2012","181","15",\N,\N,\N
"10177","2013","181","15",\N,\N,\N
"10178","2014","181",\N,\N,\N,\N
"10179","2015","181","15",\N,\N,\N
"10180","2016","181",\N,\N,\N,\N
"10181","2017","181",\N,\N,\N,\N
"10182","2018","181",\N,\N,\N,\N
"10183","2019","181",\N,\N,\N,\N
"10184","2020","83",\N,\N,\N,\N
"10185","2021","83",\N,\N,\N,\N
"10186","2022","232",\N,\N,\N,\N
"10187","2023","232",\N,\N,\N,\N
"10188","2024","232",\N,\N,\N,\N
"10189","2025","152",\N,\N,\N,\N
"10190","2026","232",\N,\N,\N,\N
"10191","2030","88",\N,\N,\N,\N
"10192","2031","88",\N,\N,\N,\N
"10193","2032","199",\N,\N,\N,\N
"10194","2033","199",\N,\N,\N,\N
"10195","2034","114",\N,\N,\N,\N
"10196","2035","114",\N,\N,\N,\N
"10197","2036","114",\N,\N,\N,\N
"10198","2037","114",\N,\N,\N,\N
"10199","2038","114",\N,\N,\N,\N
"10200","2039","114",\N,\N,\N,\N
"10201","2040","114",\N,\N,\N,\N
"10202","2041","114",\N,\N,\N,\N
"10203","2042","114",\N,\N,\N,\N
"10204","2043","114",\N,\N,\N,\N
"10205","2045","114",\N,\N,\N,\N
"10206","2046","232",\N,\N,\N,\N
"10207","2047","232",\N,\N,\N,\N
"10208","2048","232",\N,\N,\N,\N
"10209","2049","232",\N,\N,\N,\N
"10210","2050","232",\N,\N,\N,\N
"10211","2051","232",\N,\N,\N,\N
"10212","2055","232",\N,\N,\N,\N
"10213","2056","232",\N,\N,\N,\N
"10214","2057","186",\N,\N,\N,\N
"10215","2058","186",\N,\N,\N,\N
"10216","2060","153",\N,\N,\N,\N
"10217","2061","186",\N,\N,\N,\N
"10218","2063","186",\N,\N,\N,\N
"10219","2064","153",\N,\N,\N,\N
"10220","2070","152",\N,\N,\N,\N
"10221","2071","152",\N,\N,\N,\N
"10222","2072","109",\N,\N,\N,\N
"10223","2073","152",\N,\N,\N,\N
"10224","2074","152","4",\N,\N,\N
"10225","2075","152",\N,\N,\N,\N
"10226","2076","109",\N,\N,\N,\N
"10227","2077","343",\N,\N,\N,\N
"10228","2078","152",\N,\N,\N,\N
"10229","2079","152",\N,\N,\N,\N
"10230","2080","152",\N,\N,\N,\N
"10231","2081","345",\N,\N,\N,\N
"10232","2082","109",\N,\N,\N,\N
"10233","2083","343",\N,\N,\N,\N
"10234","2084","372",\N,\N,\N,\N
"10235","2085","372",\N,\N,\N,\N
"10236","2087","267",\N,\N,\N,\N
"10237","2090","247",\N,\N,\N,\N
"10238","2091","267",\N,\N,\N,\N
"10239","2092","124","17",\N,\N,\N
"10240","2093","93","13",\N,\N,\N
"10241","2094","93","13",\N,\N,\N
"10242","2095","124","17",\N,\N,\N
"10243","2096","242","17",\N,\N,\N
"10244","2097","124","4",\N,\N,\N
"10245","2098","124",\N,\N,\N,\N
"10246","2099","124","17",\N,\N,\N
"10247","2100","124","17",\N,\N,\N
"10248","2101","124","17",\N,\N,\N
"10249","2102","124","17",\N,\N,\N
"10250","2103","124","17",\N,\N,\N
"10251","2105","123",\N,\N,\N,\N
"10252","2106","267",\N,\N,\N,\N
"10253","2107","267",\N,\N,\N,\N
"10254","2108","267",\N,\N,\N,\N
"10255","2109","247",\N,\N,\N,\N
"10256","2110","267",\N,\N,\N,\N
"10257","2119","91",\N,\N,\N,\N
"10258","2120","91",\N,\N,\N,\N
"10259","2121","91",\N,\N,\N,\N
"10260","2130","251","22",\N,\N,\N
"10261","2131","267",\N,\N,\N,\N
"10262","2132","267",\N,\N,\N,\N
"10263","2133","267",\N,\N,\N,\N
"10264","2134","267",\N,\N,\N,\N
"10265","2135","267","22",\N,\N,\N
"10266","2136","93",\N,\N,\N,\N
"10267","2137","93",\N,\N,\N,\N
"10268","2138","93",\N,\N,\N,\N
"10269","2139","93",\N,\N,\N,\N
"10270","2140","93",\N,\N,\N,\N
"10271","2141","93",\N,\N,\N,\N
"10272","2142","93",\N,\N,\N,\N
"10273","2143","120",\N,\N,\N,\N
"10274","2144","93",\N,\N,\N,\N
"10275","2145","93",\N,\N,\N,\N
"10276","2146","124","13",\N,\N,\N
"10277","2147","124","13",\N,\N,\N
"10278","2148","124",\N,\N,\N,\N
"10279","2149","124","13",\N,\N,\N
"10280","2150","124","13",\N,\N,\N
"10281","2151","124","13",\N,\N,\N
"10282","2152","124","13",\N,\N,\N
"10283","2153","124",\N,\N,\N,\N
"10284","2154","124","4",\N,\N,\N
"10285","2155","124","17",\N,\N,\N
"10286","2156","124","13",\N,\N,\N
"10287","2157","124","17",\N,\N,\N
"10288","2158","124","17",\N,\N,\N
"10289","2159","124","13",\N,\N,\N
"10290","2160","267","21",\N,"43",\N
"10291","2161","267","21",\N,"43",\N
"10292","2162","242",\N,\N,"43",\N
"10293","2163","247","21",\N,"43",\N
"10294","2164","247",\N,\N,\N,\N
"10295","2165","267",\N,\N,\N,\N
"10296","2166","267","22","76",\N,\N
"10297","2167","267","617",\N,\N,\N
"10298","2168","267","617",\N,\N,\N
"10299","2169","240","4",\N,\N,\N
"10300","2170","267","35",\N,"43",\N
"10301","2171","251",\N,\N,\N,\N
"10302","2172","247",\N,\N,\N,\N
"10303","2173","267",\N,\N,"47",\N
"10304","2174","267",\N,\N,\N,\N
"10305","2175","267",\N,\N,\N,\N
"10306","2176","267",\N,\N,\N,\N
"10307","2177","267",\N,\N,\N,\N
"10308","2178","267",\N,\N,"47",\N
"10309","2179","267",\N,\N,"43",\N
"10310","2180","267",\N,\N,"47",\N
"10311","2181","247",\N,\N,\N,\N
"10312","2182","267",\N,\N,\N,\N
"10313","2183","251",\N,"70",\N,\N
"10314","2184","251",\N,"70",\N,\N
"10315","2185",\N,"17",\N,\N,\N
"10316","2186",\N,"17",\N,\N,\N
"10317","2187",\N,"17",\N,\N,\N
"10318","2188",\N,"17",\N,\N,\N
"10319","2190","251",\N,\N,\N,\N
"10320","2204","179",\N,\N,\N,\N
"10321","2205","91",\N,\N,\N,\N
"10322","2206","91",\N,\N,\N,\N
"10323","2207","91",\N,\N,\N,\N
"10324","2208","91",\N,\N,\N,\N
"10325","2209","91",\N,\N,\N,\N
"10326","2210","83",\N,\N,\N,\N
"10327","2211","83","13",\N,\N,\N
"10328","2212","83",\N,\N,\N,\N
"10329","2213","83",\N,\N,\N,\N
"10330","2214","83",\N,\N,\N,\N
"10331","2215","83","13",\N,\N,\N
"10332","2216","83","13",\N,\N,\N
"10333","2217","83",\N,\N,\N,\N
"10334","2218","83",\N,\N,\N,\N
"10335","2219","83",\N,\N,\N,\N
"10336","2220","83",\N,\N,\N,\N
"10337","2221","83",\N,\N,\N,\N
"10338","2222","83",\N,\N,\N,\N
"10339","2223","83",\N,\N,\N,\N
"10340","2224","83",\N,\N,\N,\N
"10341","2225","83",\N,\N,\N,\N
"10342","2226","83",\N,\N,\N,\N
"10343","2228","267","21",\N,\N,\N
"10344","2229","267","21",\N,\N,\N
"10345","2230","267",\N,\N,\N,\N
"10346","2231",\N,"22",\N,\N,\N
"10347","2232","247",\N,\N,\N,\N
"10348","2233","267","21",\N,\N,\N
"10349","2234","267",\N,\N,\N,\N
"10350","2235","267",\N,\N,\N,\N
"10351","2236","240",\N,\N,\N,\N
"10352","2237","267","21",\N,\N,\N
"10353","2238","247","21",\N,\N,\N
"10354","2239",\N,"22",\N,\N,\N
"10355","2240","267",\N,\N,\N,\N
"10356","2241","267",\N,\N,\N,\N
"10357","2242","267",\N,\N,\N,\N
"10358","2247","120",\N,\N,\N,\N
"10359","2248","120",\N,\N,\N,\N
"10360","2249","616",\N,\N,\N,\N
"10361","2250","616",\N,\N,\N,\N
"10362","2251","616",\N,\N,\N,\N
"10363","2252","616",\N,\N,\N,\N
"10364","2253","335",\N,\N,\N,\N
"10365","2254","335",\N,\N,"55",\N
"10366","2255","335",\N,\N,"55",\N
"10367","2256","335",\N,\N,\N,\N
"10368","2257","335",\N,\N,"48",\N
"10369","2258","210","4",\N,\N,\N
"10370","2259","210",\N,\N,\N,\N
"10371","2260","336",\N,\N,\N,\N
"10372","2261","210",\N,\N,\N,\N
"10373","2262","336",\N,\N,\N,\N
"10374","2263","210",\N,\N,\N,\N
"10375","2265","247",\N,\N,\N,\N
"10376","2266","267",\N,\N,"47",\N
"10377","2267","267",\N,\N,\N,\N
"10378","2268","267",\N,\N,"43",\N
"10379","2269","267",\N,\N,"47",\N
"10380","2270","267",\N,\N,"43",\N
"10381","2271","251",\N,"70",\N,\N
"10382","2272","251",\N,"70",\N,\N
"10383","2273","267",\N,\N,\N,\N
"10384","2274","267",\N,\N,\N,\N
"10385","2275","169",\N,\N,\N,\N
"10386","2276","169",\N,\N,\N,\N
"10387","2277","189",\N,\N,\N,\N
"10388","2278","169",\N,\N,\N,\N
"10389","2279","169","13",\N,\N,\N
"10390","2280","189",\N,\N,\N,\N
"10391","2281","169",\N,\N,\N,\N
"10392","2282","169",\N,\N,\N,\N
"10393","2283","169",\N,\N,\N,\N
"10394","2284","169","13",\N,\N,\N
"10395","2285","189",\N,\N,\N,\N
"10396","2286","189","13",\N,\N,\N
"10397","2287","267",\N,\N,\N,\N
"10398","2288","267",\N,\N,\N,\N
"10399","2289","267",\N,\N,\N,\N
"10400","2290","267",\N,\N,\N,\N
"10401","2291","267",\N,\N,\N,\N
"10402","2292","267",\N,\N,\N,\N
"10403","2293","267",\N,\N,\N,\N
"10404","2294","267",\N,\N,\N,\N
"10405","2295","267",\N,\N,\N,\N
"10406","2296","267",\N,\N,\N,\N
"10407","2297","267",\N,\N,\N,\N
"10408","2298","267",\N,\N,\N,\N
"10409","2299","267",\N,\N,\N,\N
"10410","2300","225",\N,\N,\N,\N
"10411","2302","225",\N,\N,\N,\N
"10412","2303","225",\N,\N,\N,\N
"10413","2304","225",\N,\N,\N,\N
"10414","2306","225",\N,\N,\N,\N
"10415","2307","225",\N,\N,\N,\N
"10416","2308","225",\N,\N,\N,\N
"10417","2309","267",\N,\N,\N,\N
"10418","2310","267","21",\N,\N,\N
"10419","2311","242",\N,\N,\N,\N
"10420","2312","267",\N,\N,\N,\N
"10421","2313","267","21",\N,\N,\N
"10422","2314","267",\N,\N,\N,\N
"10423","2315","267",\N,\N,\N,\N
"10424","2316","267","21",\N,\N,\N
"10425","2317","267",\N,\N,\N,\N
"10426","2318","267",\N,\N,\N,\N
"10427","2319","195",\N,\N,\N,\N
"10428","2320","195",\N,\N,\N,\N
"10429","2321","184",\N,\N,\N,\N
"10430","2322","184",\N,\N,\N,\N
"10431","2323","195",\N,\N,\N,\N
"10432","2324","184",\N,\N,\N,\N
"10433","2325","184",\N,\N,\N,\N
"10434","2326","184",\N,\N,\N,\N
"10435","2327","184",\N,\N,\N,\N
"10436","2328","93","617",\N,\N,\N
"10437","2329","242","17",\N,\N,\N
"10438","2330","93",\N,\N,\N,\N
"10439","2331","267","17",\N,\N,\N
"10440","2338","260",\N,\N,\N,\N
"10441","2341","97",\N,\N,\N,\N
"10442","2343","97",\N,\N,\N,\N
"10443","2344","97",\N,\N,\N,\N
"10444","2349","97",\N,\N,\N,\N
"10445","2350","97",\N,\N,\N,\N
"10446","2354","260",\N,\N,\N,\N
"10447","2355","327",\N,\N,\N,\N
"10448","2356","284",\N,\N,\N,\N
"10449","2357","112",\N,\N,\N,\N
"10450","2358","97",\N,\N,\N,\N
"10451","2359","97",\N,\N,\N,\N
"10452","2360","97",\N,\N,\N,\N
"10453","2361","97",\N,\N,\N,\N
"10454","2362","97",\N,\N,\N,\N
"10455","2363","112",\N,\N,\N,\N
"10456","2364","284",\N,\N,\N,\N
"10457","2365","96","10",\N,\N,\N
"10458","2366","96",\N,\N,\N,\N
"10459","2367","96",\N,\N,\N,\N
"10460","2368","112",\N,\N,\N,\N
"10461","2369","112",\N,\N,\N,\N
"10462","2370","112",\N,\N,\N,\N
"10463","2371","284",\N,\N,\N,\N
"10464","2372","174",\N,\N,\N,\N
"10465","2373","174",\N,\N,\N,\N
"10466","2374","174",\N,\N,\N,\N
"10467","2375","285",\N,\N,\N,\N
"10468","2376","235",\N,\N,\N,\N
"10469","2377","174",\N,\N,\N,\N
"10470","2378","174",\N,\N,\N,\N
"10471","2379","174",\N,\N,\N,\N
"10472","2380","263",\N,\N,\N,\N
"10473","2381","97",\N,\N,\N,\N
"10474","2382","97",\N,\N,\N,\N
"10475","2383","97",\N,\N,\N,\N
"10476","2384","97",\N,\N,\N,\N
"10477","2385","97",\N,\N,\N,\N
"10478","2386","97",\N,\N,\N,\N
"10479","2387","97",\N,\N,\N,\N
"10480","2389","97",\N,\N,\N,\N
"10481","2390","171",\N,\N,\N,\N
"10482","2391","171",\N,\N,\N,\N
"10483","2392","174",\N,\N,\N,\N
"10484","2393","171",\N,\N,\N,\N
"10485","2394","171",\N,\N,\N,\N
"10486","2395","285",\N,\N,\N,\N
"10487","2396","285",\N,\N,\N,\N
"10488","2397","285",\N,\N,\N,\N
"10489","2398","285",\N,\N,\N,\N
"10490","2401","96",\N,\N,\N,\N
"10491","2402","96",\N,\N,\N,\N
"10492","2403","96",\N,\N,\N,\N
"10493","2404","96",\N,\N,\N,\N
"10494","2405","112",\N,\N,\N,\N
"10495","2406","112",\N,\N,\N,\N
"10496","2407","284",\N,\N,\N,\N
"10497","2408","97","17",\N,\N,\N
"10498","2409","97",\N,\N,\N,\N
"10499","2410","97","13",\N,\N,\N
"10500","2411","97","13",\N,\N,\N
"10501","2412","97",\N,\N,\N,\N
"10502","2413","97",\N,\N,\N,\N
"10503","2414","97",\N,\N,\N,\N
"10504","2415","97",\N,\N,\N,\N
"10505","2416","174",\N,\N,\N,\N
"10506","2417","174",\N,\N,\N,\N
"10507","2418","174",\N,\N,\N,\N
"10508","2419","285",\N,\N,\N,\N
"10509","2420","174",\N,\N,\N,\N
"10510","2421","112",\N,\N,\N,\N
"10511","2422","285",\N,\N,\N,\N
"10512","2423","112",\N,\N,\N,\N
"10513","2424","285",\N,\N,\N,\N
"10514","2427","285",\N,\N,\N,\N
"10515","2428","285",\N,\N,\N,\N
"10516","2429","174",\N,\N,\N,\N
"10517","2430","174",\N,\N,\N,\N
"10518","2431","174",\N,\N,\N,\N
"10519","2432","285",\N,\N,\N,\N
"10520","2433","285",\N,\N,\N,\N
"10521","2434","226",\N,\N,\N,\N
"10522","2435","226",\N,\N,\N,\N
"10523","2436","226",\N,\N,\N,\N
"10524","2437","263",\N,\N,\N,\N
"10525","2438","285",\N,\N,\N,\N
